
------	###	OS DADOS ABAIXO NÃO PODEM IR PARA PRODUÇÃO	###	------

--- clientes ---
--- não insere datas de nascimento e de cadastro
INSERT INTO tb_cliente (id_cliente, nome, cpf, instagram, facebook, email) VALUES ('b0e833f0-8d06-11e9-bc42-526af7764f64', 'Sarah Evelyn Silva', '23234054703', 'sara_es', null, null);
INSERT INTO tb_cliente (id_cliente, nome, cpf, instagram, facebook, email) VALUES ('b0e8368e-8d06-11e9-bc42-526af7764f64', 'Rebeca Jaqueline Melo', '64362804307', 'rebecamelo', 'rebecamelo', null );
INSERT INTO tb_cliente (id_cliente, nome, cpf, instagram, facebook, email) VALUES ('b0e837d8-8d06-11e9-bc42-526af7764f64', 'Pietra Rita Assis', '22860007946', 'PitAssis_', null, 'pietraritaassis__pietraritaassis@unimedsjc.com.br' );
INSERT INTO tb_cliente (id_cliente, nome, cpf, instagram, facebook, email) VALUES ('b0e83904-8d06-11e9-bc42-526af7764f64', 'Valentina Esther Fernandes', '25527765311', null, 'thether', 'valentinaestherfernandes_@raffinimobiliario.com.br' );
INSERT INTO tb_cliente (id_cliente, nome, cpf, instagram, facebook, email) VALUES ('b0e83f62-8d06-11e9-bc42-526af7764f64', 'Ricardo Bernardo da Silva', '61955426872', null, 'Ricnardo', 'ricardobernardodasilva_@sfreitasadvogados.com.br' );
INSERT INTO tb_cliente (id_cliente, nome, cpf, instagram, facebook, email) VALUES ('b7ed9222-8e13-11e9-b683-526af7764f64','Martin Carlos Jorge da Luz', '25937691490', 'Martin_insta', 'face_Martin', 'mmartincarlosjorgedaluz@zepto.com.br');
INSERT INTO tb_cliente (id_cliente, nome, cpf, instagram, facebook, email) VALUES ('b7ed94d4-8e13-11e9-b683-526af7764f64','Julia Benedita Heloisa da Paz', '82285135424', 'Julia_insta', 'face_Julia', 'juliabeneditaheloisadapaz-93@munhozengenharia.com.br');
INSERT INTO tb_cliente (id_cliente, nome, cpf, instagram, facebook, email) VALUES ('b7ed961e-8e13-11e9-b683-526af7764f64','Heloisa Priscila Evelyn Jesus', '45178076494', 'Heloisa_insta', 'face_Heloisa', 'heloisapriscilaevelynjesus_@djapan.com.br');
INSERT INTO tb_cliente (id_cliente, nome, cpf, instagram, facebook, email) VALUES ('b7ed974a-8e13-11e9-b683-526af7764f64','Isadora Olivia Eloá da Paz', '58982011498', 'Isadora_insta', 'face_Isadora', 'isadoraoliviaeloadapaz__isadoraoliviaeloadapaz@andrepires.com.br');
INSERT INTO tb_cliente (id_cliente, nome, cpf, instagram, facebook, email) VALUES ('b7ed9ab0-8e13-11e9-b683-526af7764f64','Jéssica Flávia Sebastiana Pereira', '67685171473', 'Jéssica_insta', 'face_Jéssica', 'jessicaflaviasebastianapereira-93@lubeka.com.br');
INSERT INTO tb_cliente (id_cliente, nome, cpf, instagram, facebook, email) VALUES ('b7ed9be6-8e13-11e9-b683-526af7764f64','Liz Isabelly Nina Drumond', '39769806412', 'Liz_insta', 'face_Liz', 'lizisabellyninadrumond-85@luxafit.com.br');
INSERT INTO tb_cliente (id_cliente, nome, cpf, instagram, facebook, email) VALUES ('b7ed9d12-8e13-11e9-b683-526af7764f64','Diego Fábio Nogueira', '09295331435', 'Diego_insta', 'face_Diego', 'ddiegofabionogueira@nogueiramoura.com.br');
INSERT INTO tb_cliente (id_cliente, nome, cpf, instagram, facebook, email) VALUES ('b7ed9e2a-8e13-11e9-b683-526af7764f64','Débora Elza Silveira', '90492429448', 'Débora_insta', 'face_Débora', 'deboraelzasilveira__deboraelzasilveira@shimu.com.br');
INSERT INTO tb_cliente (id_cliente, nome, cpf, instagram, facebook, email) VALUES ('b7ed9f56-8e13-11e9-b683-526af7764f64','Isaac Paulo Campos', '69720677406', 'Isaac_insta', 'face_Isaac', 'isaacpaulocampos_@dkcarmo.com');
INSERT INTO tb_cliente (id_cliente, nome, cpf, instagram, facebook, email) VALUES ('b7eda06e-8e13-11e9-b683-526af7764f64','Mariane Rayssa da Paz', '13050833424', 'Mariane_insta', 'face_Mariane', 'marianerayssadapaz..marianerayssadapaz@bol.com.br');
INSERT INTO tb_cliente (id_cliente, nome, cpf, instagram, facebook, email) VALUES ('b7eda410-8e13-11e9-b683-526af7764f64','Maitê Natália Santos', '42784595480', 'Maitê_insta', 'face_Maitê', 'maitenataliasantos__maitenataliasantos@novotempo.org.br');
INSERT INTO tb_cliente (id_cliente, nome, cpf, instagram, facebook, email) VALUES ('b7eda55a-8e13-11e9-b683-526af7764f64','Iago Nathan Silveira', '12462224424', 'Iago_insta', 'face_Iago', 'iagonathansilveira-73@riguetti.com.br');
INSERT INTO tb_cliente (id_cliente, nome, cpf, instagram, facebook, email) VALUES ('b7eda67c-8e13-11e9-b683-526af7764f64','Caio Bento Dias', '29747668467', 'Caio_insta', 'face_Caio', 'caiobentodias-90@ntiequipamentos.com.br');
INSERT INTO tb_cliente (id_cliente, nome, cpf, instagram, facebook, email) VALUES ('b7eda7a8-8e13-11e9-b683-526af7764f64','Emanuel Otávio Diego Brito', '98917618430', 'Emanuel_insta', 'face_Emanuel', 'emanuelotaviodiegobrito__emanuelotaviodiegobrito@igui.com.br');
INSERT INTO tb_cliente (id_cliente, nome, cpf, instagram, facebook, email) VALUES ('b7eda8ca-8e13-11e9-b683-526af7764f64','Diogo Henrique Gustavo Ferreira', '92298323402', 'Diogo_insta', 'face_Diogo', 'diogohenriquegustavoferreira..diogohenriquegustavoferreira@verdana.com.br');
INSERT INTO tb_cliente (id_cliente, nome, cpf, instagram, facebook, email) VALUES ('b7eda9ec-8e13-11e9-b683-526af7764f64','Gabriela Marli Sabrina Baptista', '83933609437', 'Gabriela_insta', 'face_Gabriela', 'gabrielamarlisabrinabaptista..gabrielamarlisabrinabaptista@predialnet.com.br');
INSERT INTO tb_cliente (id_cliente, nome, cpf, instagram, facebook, email) VALUES ('b7edab0e-8e13-11e9-b683-526af7764f64','Mário Renan Caldeira', '25398746499', 'Mário_insta', 'face_Mário', 'mariorenancaldeira_@pobox.com');
INSERT INTO tb_cliente (id_cliente, nome, cpf, instagram, facebook, email) VALUES ('b7edae7e-8e13-11e9-b683-526af7764f64','Breno Severino Peixoto', '63252195461', 'Breno_insta', 'face_Breno', 'brenoseverinopeixoto..brenoseverinopeixoto@redealumni.com');
INSERT INTO tb_cliente (id_cliente, nome, cpf, instagram, facebook, email) VALUES ('b7edafbe-8e13-11e9-b683-526af7764f64','Melissa Olivia Nicole Novaes', '41121414400', 'Melissa_insta', 'face_Melissa', 'melissaolivianicolenovaes_@granvale.com.br');
INSERT INTO tb_cliente (id_cliente, nome, cpf, instagram, facebook, email) VALUES ('b7edb180-8e13-11e9-b683-526af7764f64','Augusto Caleb Pereira', '31369056443', 'Augusto_insta', 'face_Augusto', 'augustocalebpereira_@amaralmonteiro.com.br');
INSERT INTO tb_cliente (id_cliente, nome, cpf, instagram, facebook, email) VALUES ('b7edb2ca-8e13-11e9-b683-526af7764f64','Daniel Bernardo Ryan da Paz', '52784836444', 'Daniel_insta', 'face_Daniel', 'danielbernardoryandapaz..danielbernardoryandapaz@giltelhas.com.br');
INSERT INTO tb_cliente (id_cliente, nome, cpf, instagram, facebook, email) VALUES ('b7edb3f6-8e13-11e9-b683-526af7764f64','Sueli Sarah Elaine Rocha', '37887177421', 'Sueli_insta', 'face_Sueli', 'suelisarahelainerocha..suelisarahelainerocha@moen.com.br');
INSERT INTO tb_cliente (id_cliente, nome, cpf, instagram, facebook, email) VALUES ('b7edb518-8e13-11e9-b683-526af7764f64','Isabel Elza Tatiane da Conceição', '53589791403', 'Isabel_insta', 'face_Isabel', 'isabelelzatatianedaconceicao..isabelelzatatianedaconceicao@vmetaiscba.com.br');
INSERT INTO tb_cliente (id_cliente, nome, cpf, instagram, facebook, email) VALUES ('b7edb63a-8e13-11e9-b683-526af7764f64','Sebastiana Antonella Nascimento', '28101878432', 'Sebastiana_insta', 'face_Sebastiana', 'sebastianaantonellanascimento..sebastianaantonellanascimento@mirafactoring.com.br');
INSERT INTO tb_cliente (id_cliente, nome, cpf, instagram, facebook, email) VALUES ('b7edb9f0-8e13-11e9-b683-526af7764f64','Brenda Isabelly Aparício', '00487225457', 'Brenda_insta', 'face_Brenda', 'brendaisabellyaparicio_@maptec.com.br');
INSERT INTO tb_cliente (id_cliente, nome, cpf, instagram, facebook, email) VALUES ('b7edbb26-8e13-11e9-b683-526af7764f64','Patrícia Bruna Mariane Carvalho', '64331873404', 'Patrícia_insta', 'face_Patrícia', 'patriciabrunamarianecarvalho..patriciabrunamarianecarvalho@origembr.com');
INSERT INTO tb_cliente (id_cliente, nome, cpf, instagram, facebook, email) VALUES ('b7edbc3e-8e13-11e9-b683-526af7764f64','Kauê Benício Renan Drumond', '61339772485', 'Kauê_insta', 'face_Kauê', 'kkauebeniciorenandrumond@estadao.com.br');
INSERT INTO tb_cliente (id_cliente, nome, cpf, instagram, facebook, email) VALUES ('b7edbd60-8e13-11e9-b683-526af7764f64','Olivia Lara Farias', '62577116497', 'Olivia_insta', 'face_Olivia', 'olivialarafarias..olivialarafarias@unitau.br');
INSERT INTO tb_cliente (id_cliente, nome, cpf, instagram, facebook, email) VALUES ('b7edbe82-8e13-11e9-b683-526af7764f64','Jorge Vicente Nogueira', '03619838402', 'Jorge_insta', 'face_Jorge', 'jorgevicentenogueira..jorgevicentenogueira@universo3d.com.br');
INSERT INTO tb_cliente (id_cliente, nome, cpf, instagram, facebook, email) VALUES ('b7edbf9a-8e13-11e9-b683-526af7764f64','Davi Nelson Baptista', '83757350430', 'Davi_insta', 'face_Davi', 'davinelsonbaptista_@djapan.com.br');


--- telefones ---
INSERT INTO tb_telefone (id_telefone, ddd, numero, whatsapp, observacao, id_cliente_fk) VALUES ('62c479c2-8d0b-11e9-bc42-526af7764f64', 83, '32356050', false, 'trabalho fds', 'b0e833f0-8d06-11e9-bc42-526af7764f64');
INSERT INTO tb_telefone (id_telefone, ddd, numero, whatsapp, observacao, id_cliente_fk) VALUES ('62c47c60-8d0b-11e9-bc42-526af7764f64', 83, '996185740', true, null, 'b0e8368e-8d06-11e9-bc42-526af7764f64');
INSERT INTO tb_telefone (id_telefone, ddd, numero, whatsapp, observacao, id_cliente_fk) VALUES ('62c48160-8d0b-11e9-bc42-526af7764f64', 83, '990690637', false, null, 'b0e837d8-8d06-11e9-bc42-526af7764f64');
INSERT INTO tb_telefone (id_telefone, ddd, numero, whatsapp, observacao, id_cliente_fk) VALUES ('62c482be-8d0b-11e9-bc42-526af7764f64', 83, '32354900', false, null, 'b0e83904-8d06-11e9-bc42-526af7764f64');
INSERT INTO tb_telefone (id_telefone, ddd, numero, whatsapp, observacao, id_cliente_fk) VALUES ('62c483ea-8d0b-11e9-bc42-526af7764f64', 83, '35122009', false, 'Ramal trabalho', 'b0e83f62-8d06-11e9-bc42-526af7764f64');
INSERT INTO tb_telefone (id_telefone, ddd, numero, whatsapp, observacao, id_cliente_fk) VALUES ('62c4850c-8d0b-11e9-bc42-526af7764f64', 83, '997916971', true, null, 'b0e83904-8d06-11e9-bc42-526af7764f64');
INSERT INTO tb_telefone (id_telefone, ddd, numero, whatsapp, observacao, id_cliente_fk) VALUES ('62c4862e-8d0b-11e9-bc42-526af7764f64', 27, '28119059', false, null, 'b0e83f62-8d06-11e9-bc42-526af7764f64');
INSERT INTO tb_telefone (id_telefone, ddd, numero, whatsapp, observacao, id_cliente_fk) VALUES ('52014d4a-8e14-11e9-bc42-526af7764f64', 83, '996502840', false, 'tim', 'b7ed9222-8e13-11e9-b683-526af7764f64');
INSERT INTO tb_telefone (id_telefone, ddd, numero, whatsapp, observacao, id_cliente_fk) VALUES ('52014ffc-8e14-11e9-bc42-526af7764f64', 83, '992339989', true, 'tim', 'b7ed94d4-8e13-11e9-b683-526af7764f64');
INSERT INTO tb_telefone (id_telefone, ddd, numero, whatsapp, observacao, id_cliente_fk) VALUES ('52015146-8e14-11e9-bc42-526af7764f64', 83, '985231280', true, 'tim', 'b7ed961e-8e13-11e9-b683-526af7764f64');
INSERT INTO tb_telefone (id_telefone, ddd, numero, whatsapp, observacao, id_cliente_fk) VALUES ('520155a6-8e14-11e9-bc42-526af7764f64', 83, '982917496', true, 'vivo', 'b7ed974a-8e13-11e9-b683-526af7764f64');
INSERT INTO tb_telefone (id_telefone, ddd, numero, whatsapp, observacao, id_cliente_fk) VALUES ('520156e6-8e14-11e9-bc42-526af7764f64', 83, '991230036', true, 'vivo', 'b7ed9ab0-8e13-11e9-b683-526af7764f64');
INSERT INTO tb_telefone (id_telefone, ddd, numero, whatsapp, observacao, id_cliente_fk) VALUES ('5201581c-8e14-11e9-bc42-526af7764f64', 83, '994960355', true, 'vivo', 'b7ed9be6-8e13-11e9-b683-526af7764f64');
INSERT INTO tb_telefone (id_telefone, ddd, numero, whatsapp, observacao, id_cliente_fk) VALUES ('52015948-8e14-11e9-bc42-526af7764f64', 83, '981010372', true, 'vivo', 'b7ed9d12-8e13-11e9-b683-526af7764f64');
INSERT INTO tb_telefone (id_telefone, ddd, numero, whatsapp, observacao, id_cliente_fk) VALUES ('52015a6a-8e14-11e9-bc42-526af7764f64', 83, '995519562', true, 'vivo', 'b7ed9e2a-8e13-11e9-b683-526af7764f64');
INSERT INTO tb_telefone (id_telefone, ddd, numero, whatsapp, observacao, id_cliente_fk) VALUES ('52015dbc-8e14-11e9-bc42-526af7764f64', 83, '986367720', true, 'vivo', 'b7ed9f56-8e13-11e9-b683-526af7764f64');
INSERT INTO tb_telefone (id_telefone, ddd, numero, whatsapp, observacao, id_cliente_fk) VALUES ('520161ae-8e14-11e9-bc42-526af7764f64', 83, '985327101', false, 'vivo', 'b7eda06e-8e13-11e9-b683-526af7764f64');
INSERT INTO tb_telefone (id_telefone, ddd, numero, whatsapp, observacao, id_cliente_fk) VALUES ('5201630c-8e14-11e9-bc42-526af7764f64', 83, '996240862', false, 'vivo', 'b7eda410-8e13-11e9-b683-526af7764f64');
INSERT INTO tb_telefone (id_telefone, ddd, numero, whatsapp, observacao, id_cliente_fk) VALUES ('52016438-8e14-11e9-bc42-526af7764f64', 83, '983017911', false, 'vivo', 'b7eda410-8e13-11e9-b683-526af7764f64');
INSERT INTO tb_telefone (id_telefone, ddd, numero, whatsapp, observacao, id_cliente_fk) VALUES ('5201655a-8e14-11e9-bc42-526af7764f64', 83, '986187013', false, 'vivo', 'b7eda410-8e13-11e9-b683-526af7764f64');
INSERT INTO tb_telefone (id_telefone, ddd, numero, whatsapp, observacao, id_cliente_fk) VALUES ('52016686-8e14-11e9-bc42-526af7764f64', 83, '987050250', false, 'vivo', 'b7eda410-8e13-11e9-b683-526af7764f64');
INSERT INTO tb_telefone (id_telefone, ddd, numero, whatsapp, observacao, id_cliente_fk) VALUES ('520167a8-8e14-11e9-bc42-526af7764f64', 83, '994596762', false, 'vivo', 'b7eda8ca-8e13-11e9-b683-526af7764f64');
INSERT INTO tb_telefone (id_telefone, ddd, numero, whatsapp, observacao, id_cliente_fk) VALUES ('520168ca-8e14-11e9-bc42-526af7764f64', 83, '993624470', false, 'vivo', 'b7eda9ec-8e13-11e9-b683-526af7764f64');
INSERT INTO tb_telefone (id_telefone, ddd, numero, whatsapp, observacao, id_cliente_fk) VALUES ('52016dac-8e14-11e9-bc42-526af7764f64', 83, '988888332', true, 'vivo', 'b7edab0e-8e13-11e9-b683-526af7764f64');
INSERT INTO tb_telefone (id_telefone, ddd, numero, whatsapp, observacao, id_cliente_fk) VALUES ('52016f28-8e14-11e9-bc42-526af7764f64', 83, '992802826', true, 'vivo', 'b7edae7e-8e13-11e9-b683-526af7764f64');
INSERT INTO tb_telefone (id_telefone, ddd, numero, whatsapp, observacao, id_cliente_fk) VALUES ('5201705e-8e14-11e9-bc42-526af7764f64', 83, '983276876', true, 'tim', 'b7edafbe-8e13-11e9-b683-526af7764f64');
INSERT INTO tb_telefone (id_telefone, ddd, numero, whatsapp, observacao, id_cliente_fk) VALUES ('5201718a-8e14-11e9-bc42-526af7764f64', 83, '992320525', true, 'tim', 'b7edb180-8e13-11e9-b683-526af7764f64');
INSERT INTO tb_telefone (id_telefone, ddd, numero, whatsapp, observacao, id_cliente_fk) VALUES ('520172ac-8e14-11e9-bc42-526af7764f64', 83, '993492908', true, null, 'b7edb2ca-8e13-11e9-b683-526af7764f64');
INSERT INTO tb_telefone (id_telefone, ddd, numero, whatsapp, observacao, id_cliente_fk) VALUES ('520173ce-8e14-11e9-bc42-526af7764f64', 83, '982361027', true, null, 'b7edb3f6-8e13-11e9-b683-526af7764f64');
INSERT INTO tb_telefone (id_telefone, ddd, numero, whatsapp, observacao, id_cliente_fk) VALUES ('520174f0-8e14-11e9-bc42-526af7764f64', 83, '996726672', true, null, 'b7edb518-8e13-11e9-b683-526af7764f64');
INSERT INTO tb_telefone (id_telefone, ddd, numero, whatsapp, observacao, id_cliente_fk) VALUES ('52017f54-8e14-11e9-bc42-526af7764f64', 83, '993877488', true, null, 'b7edb63a-8e13-11e9-b683-526af7764f64');
INSERT INTO tb_telefone (id_telefone, ddd, numero, whatsapp, observacao, id_cliente_fk) VALUES ('520180a8-8e14-11e9-bc42-526af7764f64', 83, '989774426', true, null, 'b7edb9f0-8e13-11e9-b683-526af7764f64');
INSERT INTO tb_telefone (id_telefone, ddd, numero, whatsapp, observacao, id_cliente_fk) VALUES ('520181d4-8e14-11e9-bc42-526af7764f64', 83, '994684422', true, null, 'b7edbb26-8e13-11e9-b683-526af7764f64');
INSERT INTO tb_telefone (id_telefone, ddd, numero, whatsapp, observacao, id_cliente_fk) VALUES ('5201851c-8e14-11e9-bc42-526af7764f64', 83, '999056482', false, null, 'b7edbc3e-8e13-11e9-b683-526af7764f64');
INSERT INTO tb_telefone (id_telefone, ddd, numero, whatsapp, observacao, id_cliente_fk) VALUES ('52018896-8e14-11e9-bc42-526af7764f64', 83, '991152198', false, null, 'b7edbf9a-8e13-11e9-b683-526af7764f64');
INSERT INTO tb_telefone (id_telefone, ddd, numero, whatsapp, observacao, id_cliente_fk) VALUES ('52018c24-8e14-11e9-bc42-526af7764f64', 83, '997746938', false, null, 'b7edbf9a-8e13-11e9-b683-526af7764f64');
INSERT INTO tb_telefone (id_telefone, ddd, numero, whatsapp, observacao, id_cliente_fk) VALUES ('52018dc8-8e14-11e9-bc42-526af7764f64', 83, '984962176', false, null, 'b7edbf9a-8e13-11e9-b683-526af7764f64');

--- enderecos ---
INSERT INTO tb_endereco (id_endereco, rua, numero, bairro, complemento, id_cliente_fk) VALUES ('0916cc7a-8d2b-11e9-bc42-526af7764f64','Rua Estudante Júlio Cezar Soares da Silva', '287', 'Valentina de Figueiredo', null, 'b0e833f0-8d06-11e9-bc42-526af7764f64');
INSERT INTO tb_endereco (id_endereco, rua, numero, bairro, complemento, id_cliente_fk) VALUES ('0916cf04-8d2b-11e9-bc42-526af7764f64','Rua Severina de Freitas', '362', 'Mandacaru', null, 'b0e8368e-8d06-11e9-bc42-526af7764f64');
INSERT INTO tb_endereco (id_endereco, rua, numero, bairro, complemento, id_cliente_fk) VALUES ('0916d044-8d2b-11e9-bc42-526af7764f64','Rua Francisco Guimarães', '650', 'Ipês', null, 'b0e837d8-8d06-11e9-bc42-526af7764f64');
INSERT INTO tb_endereco (id_endereco, rua, numero, bairro, complemento, id_cliente_fk) VALUES ('0916d42c-8d2b-11e9-bc42-526af7764f64','Rua Aluísio Bezerra da Silva', '207', 'Portal do Sol', null, 'b0e83904-8d06-11e9-bc42-526af7764f64');
INSERT INTO tb_endereco (id_endereco, rua, numero, bairro, complemento, id_cliente_fk) VALUES ('0916d594-8d2b-11e9-bc42-526af7764f64','Rua Valdemiro Ferreira da Silva', '819', 'Nações', null, 'b0e83f62-8d06-11e9-bc42-526af7764f64');
INSERT INTO tb_endereco (id_endereco, rua, numero, bairro, complemento, id_cliente_fk) VALUES ('0916d6c0-8d2b-11e9-bc42-526af7764f64','Rua Professor Oswaldo de Miranda Pereira', '623', 'Brisamar', null, 'b0e83904-8d06-11e9-bc42-526af7764f64');
INSERT INTO tb_endereco (id_endereco, rua, numero, bairro, complemento, id_cliente_fk) VALUES ('0916d7ec-8d2b-11e9-bc42-526af7764f64','Rua Aparecida', '690', 'Nova Conquista', null, 'b0e83f62-8d06-11e9-bc42-526af7764f64');
INSERT INTO tb_endereco (id_endereco, rua, numero, bairro, complemento, id_cliente_fk) VALUES ('0916dbac-8d2b-11e9-bc42-526af7764f64','Rua Maria Eulina', '110', 'Popular', null, 'b0e833f0-8d06-11e9-bc42-526af7764f64');
INSERT INTO tb_endereco (id_endereco, rua, numero, bairro, complemento, id_cliente_fk) VALUES ('d0846822-8e15-11e9-bc42-526af7764f64', 'Rua Turquia', '193', 'Indústrias', null, 'b7ed9222-8e13-11e9-b683-526af7764f64');
INSERT INTO tb_endereco (id_endereco, rua, numero, bairro, complemento, id_cliente_fk) VALUES ('d0846ade-8e15-11e9-bc42-526af7764f64', 'Rua Peregrino de Carvalho', '717', 'Centro', null, 'b7ed94d4-8e13-11e9-b683-526af7764f64');
INSERT INTO tb_endereco (id_endereco, rua, numero, bairro, complemento, id_cliente_fk) VALUES ('d0846c1e-8e15-11e9-bc42-526af7764f64', 'Rua Lins de Vasconcelos', '747', 'Treze de Maio', null, 'b7ed961e-8e13-11e9-b683-526af7764f64');
INSERT INTO tb_endereco (id_endereco, rua, numero, bairro, complemento, id_cliente_fk) VALUES ('d0846f7a-8e15-11e9-bc42-526af7764f64', 'Travessa Patrícia Vieira', '306', 'Santo Antônio', null, 'b7ed974a-8e13-11e9-b683-526af7764f64');
INSERT INTO tb_endereco (id_endereco, rua, numero, bairro, complemento, id_cliente_fk) VALUES ('d08470c4-8e15-11e9-bc42-526af7764f64', 'Rua João Pereira de Arruda', '175', 'Funcionários', null, 'b7ed9ab0-8e13-11e9-b683-526af7764f64');
INSERT INTO tb_endereco (id_endereco, rua, numero, bairro, complemento, id_cliente_fk) VALUES ('d08471f0-8e15-11e9-bc42-526af7764f64', 'Praça Noé Rodrigues de Lima, s\/n', '704', 'Centro', null, 'b7ed9be6-8e13-11e9-b683-526af7764f64');
INSERT INTO tb_endereco (id_endereco, rua, numero, bairro, complemento, id_cliente_fk) VALUES ('d08474de-8e15-11e9-bc42-526af7764f64', 'Rua José Fernandes de Lima', '910', 'Comercial Norte', null, 'b7ed9d12-8e13-11e9-b683-526af7764f64');
INSERT INTO tb_endereco (id_endereco, rua, numero, bairro, complemento, id_cliente_fk) VALUES ('d0847632-8e15-11e9-bc42-526af7764f64', 'Rua B', '243', 'Distrito Industrial', null, 'b7ed9e2a-8e13-11e9-b683-526af7764f64');
INSERT INTO tb_endereco (id_endereco, rua, numero, bairro, complemento, id_cliente_fk) VALUES ('d0847754-8e15-11e9-bc42-526af7764f64', 'Rua Doutor Aroldo Cruz', '651', 'Itararé', null, 'b7ed9f56-8e13-11e9-b683-526af7764f64');
INSERT INTO tb_endereco (id_endereco, rua, numero, bairro, complemento, id_cliente_fk) VALUES ('d0847b00-8e15-11e9-bc42-526af7764f64', 'Rua Luzia Ferreira Leitão', '166', 'Jatobá', null, 'b7eda06e-8e13-11e9-b683-526af7764f64');
INSERT INTO tb_endereco (id_endereco, rua, numero, bairro, complemento, id_cliente_fk) VALUES ('d0847c2c-8e15-11e9-bc42-526af7764f64', 'Rua Gilberto Stuckert', '296', 'Jardim Oceania', null, 'b7eda410-8e13-11e9-b683-526af7764f64');
INSERT INTO tb_endereco (id_endereco, rua, numero, bairro, complemento, id_cliente_fk) VALUES ('d0848082-8e15-11e9-bc42-526af7764f64', 'Rua Mar da Galiléia', '705', 'Gramame', null, 'b7eda55a-8e13-11e9-b683-526af7764f64');
INSERT INTO tb_endereco (id_endereco, rua, numero, bairro, complemento, id_cliente_fk) VALUES ('d0848208-8e15-11e9-bc42-526af7764f64', 'Rua Jamaica', '986', 'Serrotão', null, 'b7eda67c-8e13-11e9-b683-526af7764f64');
INSERT INTO tb_endereco (id_endereco, rua, numero, bairro, complemento, id_cliente_fk) VALUES ('d08483ac-8e15-11e9-bc42-526af7764f64', 'Rua Romildo Domingues de Melo', '990', 'Gramame', null, 'b7eda7a8-8e13-11e9-b683-526af7764f64');
INSERT INTO tb_endereco (id_endereco, rua, numero, bairro, complemento, id_cliente_fk) VALUES ('d08486fe-8e15-11e9-bc42-526af7764f64', 'Rua Levi Benedito', '729', 'Treze de Maio', null, 'b7eda8ca-8e13-11e9-b683-526af7764f64');
INSERT INTO tb_endereco (id_endereco, rua, numero, bairro, complemento, id_cliente_fk) VALUES ('d0848848-8e15-11e9-bc42-526af7764f64', 'Rua Doutor Carlos Pires de Sá', '733', 'Areias', null, 'b7eda9ec-8e13-11e9-b683-526af7764f64');
INSERT INTO tb_endereco (id_endereco, rua, numero, bairro, complemento, id_cliente_fk) VALUES ('d084896a-8e15-11e9-bc42-526af7764f64', 'Rua Belarmino da Silva Amorim', '406', 'Liberdade', null, 'b7edab0e-8e13-11e9-b683-526af7764f64');
INSERT INTO tb_endereco (id_endereco, rua, numero, bairro, complemento, id_cliente_fk) VALUES ('d0848a8c-8e15-11e9-bc42-526af7764f64', 'Rua José Ciciliano de Souza Barbosa', '743', 'Mangabeira', null, 'b7edae7e-8e13-11e9-b683-526af7764f64');
INSERT INTO tb_endereco (id_endereco, rua, numero, bairro, complemento, id_cliente_fk) VALUES ('d0848bae-8e15-11e9-bc42-526af7764f64', 'Rua Basta Gomes', '260', 'Santo Antônio', null, 'b7edafbe-8e13-11e9-b683-526af7764f64');
INSERT INTO tb_endereco (id_endereco, rua, numero, bairro, complemento, id_cliente_fk) VALUES ('d0848cda-8e15-11e9-bc42-526af7764f64', 'Rua Antônio Jerônimo', '350', 'Rio do Meio', null, 'b7edb180-8e13-11e9-b683-526af7764f64');
INSERT INTO tb_endereco (id_endereco, rua, numero, bairro, complemento, id_cliente_fk) VALUES ('d0849018-8e15-11e9-bc42-526af7764f64', 'Loteamento Barra de Ouro', '151', 'Indústrias', null, 'b7edb2ca-8e13-11e9-b683-526af7764f64');
INSERT INTO tb_endereco (id_endereco, rua, numero, bairro, complemento, id_cliente_fk) VALUES ('d0849158-8e15-11e9-bc42-526af7764f64', 'Rua Maria Hosana Lelis', '514', 'Três Irmãs', null, 'b7edb3f6-8e13-11e9-b683-526af7764f64');
INSERT INTO tb_endereco (id_endereco, rua, numero, bairro, complemento, id_cliente_fk) VALUES ('d084927a-8e15-11e9-bc42-526af7764f64', 'Praça Doutor João Úrsulo 17', '780', 'Centro', null, 'b7edb518-8e13-11e9-b683-526af7764f64');
INSERT INTO tb_endereco (id_endereco, rua, numero, bairro, complemento, id_cliente_fk) VALUES ('d084939c-8e15-11e9-bc42-526af7764f64', 'Rua da Abolição', '837', 'Treze de Maio', null, 'b7edb63a-8e13-11e9-b683-526af7764f64');
INSERT INTO tb_endereco (id_endereco, rua, numero, bairro, complemento, id_cliente_fk) VALUES ('d08494c8-8e15-11e9-bc42-526af7764f64', 'Rua Sebastião Lucena de Castro', '613', 'Jardim Paulistano', null, 'b7edb9f0-8e13-11e9-b683-526af7764f64');
INSERT INTO tb_endereco (id_endereco, rua, numero, bairro, complemento, id_cliente_fk) VALUES ('d08497fc-8e15-11e9-bc42-526af7764f64', 'Rua Maria José Gomes do Amaral', '421', 'Alto do Mateus', null, 'b7edbb26-8e13-11e9-b683-526af7764f64');
INSERT INTO tb_endereco (id_endereco, rua, numero, bairro, complemento, id_cliente_fk) VALUES ('d084993c-8e15-11e9-bc42-526af7764f64', 'Rua Mestre Júlio Sarmento', '768', 'Bancários', null, 'b7edbc3e-8e13-11e9-b683-526af7764f64');
INSERT INTO tb_endereco (id_endereco, rua, numero, bairro, complemento, id_cliente_fk) VALUES ('d0849a5e-8e15-11e9-bc42-526af7764f64', 'Rua Severino Neves de Lima', '185', 'Mangabeira', null, 'b7edbd60-8e13-11e9-b683-526af7764f64');
INSERT INTO tb_endereco (id_endereco, rua, numero, bairro, complemento, id_cliente_fk) VALUES ('d0849b80-8e15-11e9-bc42-526af7764f64', 'Rua Evaldo Wanderley', '114', 'Tambauzinho', null, 'b7edbe82-8e13-11e9-b683-526af7764f64');
INSERT INTO tb_endereco (id_endereco, rua, numero, bairro, complemento, id_cliente_fk) VALUES ('d0849cac-8e15-11e9-bc42-526af7764f64', 'Rua José Gaspar', '641', 'Alto da Tubiba', null, 'b7edbf9a-8e13-11e9-b683-526af7764f64');

------	###	OS DADOS ACIMA NÃO PODEM IR PARA PRODUÇÃO	###	------







--- tamanhos ---

INSERT INTO tb_tamanho (id_tamanho, nome, centimetros, numero_fatias, numero_maximo_sabores,preco_padrao) VALUES ('d134a92e-889f-11e9-bc42-526af7764f64','Pequena', 25, 4, 1,17);
INSERT INTO tb_tamanho (id_tamanho, nome, centimetros, numero_fatias, numero_maximo_sabores,preco_padrao) VALUES ('d134aba4-889f-11e9-bc42-526af7764f64','Média', 30, 6, 2, 22);
INSERT INTO tb_tamanho (id_tamanho, nome, centimetros, numero_fatias, numero_maximo_sabores,preco_padrao) VALUES ('d134ace4-889f-11e9-bc42-526af7764f64','Grande', 35, 8, 3, 29);
INSERT INTO tb_tamanho (id_tamanho, nome, centimetros, numero_fatias, numero_maximo_sabores,preco_padrao) VALUES ('d134ae10-889f-11e9-bc42-526af7764f64','Gigante', 40, 12, 3, 40);

--- recheios ---

INSERT INTO tb_recheio (id_recheio, nome, eh_especial, eh_disponivel, eh_salgado) VALUES ('a5facf00-8a2e-11e9-bc42-526af7764f64', 'Abacaxi', false, true, true);
INSERT INTO tb_recheio (id_recheio, nome, eh_especial, eh_disponivel, eh_salgado) VALUES ('a5fad176-8a2e-11e9-bc42-526af7764f64', 'Alho Torrado', false, true, true);
INSERT INTO tb_recheio (id_recheio, nome, eh_especial, eh_disponivel, eh_salgado) VALUES ('a5fad2ca-8a2e-11e9-bc42-526af7764f64', 'Atum', false, true, true);
INSERT INTO tb_recheio (id_recheio, nome, eh_especial, eh_disponivel, eh_salgado) VALUES ('a5fad400-8a2e-11e9-bc42-526af7764f64', 'Azeitona', false, true, true);
INSERT INTO tb_recheio (id_recheio, nome, eh_especial, eh_disponivel, eh_salgado) VALUES ('a5fad7fc-8a2e-11e9-bc42-526af7764f64', 'Azeitonas Fatiadas', false, true, true);
INSERT INTO tb_recheio (id_recheio, nome, eh_especial, eh_disponivel, eh_salgado) VALUES ('a5fad95a-8a2e-11e9-bc42-526af7764f64', 'Bacalhau Desfiado', true, true, true);
INSERT INTO tb_recheio (id_recheio, nome, eh_especial, eh_disponivel, eh_salgado) VALUES ('a5fada86-8a2e-11e9-bc42-526af7764f64', 'Bacon', false, true, true);
INSERT INTO tb_recheio (id_recheio, nome, eh_especial, eh_disponivel, eh_salgado) VALUES ('a5fadba8-8a2e-11e9-bc42-526af7764f64', 'Banana', false, true, false);
INSERT INTO tb_recheio (id_recheio, nome, eh_especial, eh_disponivel, eh_salgado) VALUES ('a5fadcca-8a2e-11e9-bc42-526af7764f64', 'Batata Palha', false, true, true);
INSERT INTO tb_recheio (id_recheio, nome, eh_especial, eh_disponivel, eh_salgado) VALUES ('a5fade46-8a2e-11e9-bc42-526af7764f64', 'Beijinho', false, true, false);
INSERT INTO tb_recheio (id_recheio, nome, eh_especial, eh_disponivel, eh_salgado) VALUES ('a5fadf72-8a2e-11e9-bc42-526af7764f64', 'Brócolis', false, true, true);
INSERT INTO tb_recheio (id_recheio, nome, eh_especial, eh_disponivel, eh_salgado) VALUES ('a5fae332-8a2e-11e9-bc42-526af7764f64', 'Calabresa', false, true, true);
INSERT INTO tb_recheio (id_recheio, nome, eh_especial, eh_disponivel, eh_salgado) VALUES ('a5fae47c-8a2e-11e9-bc42-526af7764f64', 'Calabresa Triturada', false, true, true);
INSERT INTO tb_recheio (id_recheio, nome, eh_especial, eh_disponivel, eh_salgado) VALUES ('a5fae5b2-8a2e-11e9-bc42-526af7764f64', 'Camarão', true, true, true);
INSERT INTO tb_recheio (id_recheio, nome, eh_especial, eh_disponivel, eh_salgado) VALUES ('a5fae6d4-8a2e-11e9-bc42-526af7764f64', 'Canela', false, true, false);
INSERT INTO tb_recheio (id_recheio, nome, eh_especial, eh_disponivel, eh_salgado) VALUES ('a5fae7f6-8a2e-11e9-bc42-526af7764f64', 'Carne De Sol', false, true, true);
INSERT INTO tb_recheio (id_recheio, nome, eh_especial, eh_disponivel, eh_salgado) VALUES ('a5fae918-8a2e-11e9-bc42-526af7764f64', 'Carne Moída', false, true, true);
INSERT INTO tb_recheio (id_recheio, nome, eh_especial, eh_disponivel, eh_salgado) VALUES ('a5faea3a-8a2e-11e9-bc42-526af7764f64', 'Cebola', false, true, true);
INSERT INTO tb_recheio (id_recheio, nome, eh_especial, eh_disponivel, eh_salgado) VALUES ('a5faedbe-8a2e-11e9-bc42-526af7764f64', 'Chanpignon', false, true, true);
INSERT INTO tb_recheio (id_recheio, nome, eh_especial, eh_disponivel, eh_salgado) VALUES ('a5faef12-8a2e-11e9-bc42-526af7764f64', 'Cheddar', false, true, true);
INSERT INTO tb_recheio (id_recheio, nome, eh_especial, eh_disponivel, eh_salgado) VALUES ('a5faf03e-8a2e-11e9-bc42-526af7764f64', 'Chocolate Cremoso', false, true, false);
INSERT INTO tb_recheio (id_recheio, nome, eh_especial, eh_disponivel, eh_salgado) VALUES ('a5faf160-8a2e-11e9-bc42-526af7764f64', 'Chocolate Em Pó', false, true, false);
INSERT INTO tb_recheio (id_recheio, nome, eh_especial, eh_disponivel, eh_salgado) VALUES ('a5faf282-8a2e-11e9-bc42-526af7764f64', 'Chocolate Granulado', false, true, false);
INSERT INTO tb_recheio (id_recheio, nome, eh_especial, eh_disponivel, eh_salgado) VALUES ('a5faf3a4-8a2e-11e9-bc42-526af7764f64', 'Côco Ralado', false, true, false);
INSERT INTO tb_recheio (id_recheio, nome, eh_especial, eh_disponivel, eh_salgado) VALUES ('a5faf606-8a2e-11e9-bc42-526af7764f64', 'Cream Cheese', false, true, true);
INSERT INTO tb_recheio (id_recheio, nome, eh_especial, eh_disponivel, eh_salgado) VALUES ('a5faf9c6-8a2e-11e9-bc42-526af7764f64', 'Creme De Camarão', false, true, true);
INSERT INTO tb_recheio (id_recheio, nome, eh_especial, eh_disponivel, eh_salgado) VALUES ('a5fafb10-8a2e-11e9-bc42-526af7764f64', 'Doce De Leite', false, true, false);
INSERT INTO tb_recheio (id_recheio, nome, eh_especial, eh_disponivel, eh_salgado) VALUES ('a5fafca0-8a2e-11e9-bc42-526af7764f64', 'Ervilha', false, true, true);
INSERT INTO tb_recheio (id_recheio, nome, eh_especial, eh_disponivel, eh_salgado) VALUES ('a5fafdd6-8a2e-11e9-bc42-526af7764f64', 'Figo', false, true, true);
INSERT INTO tb_recheio (id_recheio, nome, eh_especial, eh_disponivel, eh_salgado) VALUES ('a5faff0c-8a2e-11e9-bc42-526af7764f64', 'Frango', false, true, true);
INSERT INTO tb_recheio (id_recheio, nome, eh_especial, eh_disponivel, eh_salgado) VALUES ('a5fb0038-8a2e-11e9-bc42-526af7764f64', 'Goiabada Cremosa', false, true, false);
INSERT INTO tb_recheio (id_recheio, nome, eh_especial, eh_disponivel, eh_salgado) VALUES ('a5fb0448-8a2e-11e9-bc42-526af7764f64', 'Gorgonzola', false, true, true);
INSERT INTO tb_recheio (id_recheio, nome, eh_especial, eh_disponivel, eh_salgado) VALUES ('a5fb05a6-8a2e-11e9-bc42-526af7764f64', 'Leite Condensado', false, true, false);
INSERT INTO tb_recheio (id_recheio, nome, eh_especial, eh_disponivel, eh_salgado) VALUES ('a5fb06c8-8a2e-11e9-bc42-526af7764f64', 'Lombo Fatiado', true, true, true);
INSERT INTO tb_recheio (id_recheio, nome, eh_especial, eh_disponivel, eh_salgado) VALUES ('a5fb07f4-8a2e-11e9-bc42-526af7764f64', 'Manjericão Verde', false, true, true);
INSERT INTO tb_recheio (id_recheio, nome, eh_especial, eh_disponivel, eh_salgado) VALUES ('a5fb0920-8a2e-11e9-bc42-526af7764f64', 'Milho', false, true, true);
INSERT INTO tb_recheio (id_recheio, nome, eh_especial, eh_disponivel, eh_salgado) VALUES ('a5fb0a60-8a2e-11e9-bc42-526af7764f64', 'Molho', false, true, true);
INSERT INTO tb_recheio (id_recheio, nome, eh_especial, eh_disponivel, eh_salgado) VALUES ('a5fb0b8c-8a2e-11e9-bc42-526af7764f64', 'Mussarela', false, true, true);
INSERT INTO tb_recheio (id_recheio, nome, eh_especial, eh_disponivel, eh_salgado) VALUES ('a5fb0ee8-8a2e-11e9-bc42-526af7764f64', 'Orégano', false, true, true);
INSERT INTO tb_recheio (id_recheio, nome, eh_especial, eh_disponivel, eh_salgado) VALUES ('a5fb1028-8a2e-11e9-bc42-526af7764f64', 'Ovos', false, true, true);
INSERT INTO tb_recheio (id_recheio, nome, eh_especial, eh_disponivel, eh_salgado) VALUES ('a5fb115e-8a2e-11e9-bc42-526af7764f64', 'Palmito', false, true, true);
INSERT INTO tb_recheio (id_recheio, nome, eh_especial, eh_disponivel, eh_salgado) VALUES ('a5fb1280-8a2e-11e9-bc42-526af7764f64', 'Parmesão', false, true, true);
INSERT INTO tb_recheio (id_recheio, nome, eh_especial, eh_disponivel, eh_salgado) VALUES ('a5fb13a2-8a2e-11e9-bc42-526af7764f64', 'Peito De Peru', true, true, true);
INSERT INTO tb_recheio (id_recheio, nome, eh_especial, eh_disponivel, eh_salgado) VALUES ('a5fb179e-8a2e-11e9-bc42-526af7764f64', 'Peperoni', true, true, true);
INSERT INTO tb_recheio (id_recheio, nome, eh_especial, eh_disponivel, eh_salgado) VALUES ('a5fb18f2-8a2e-11e9-bc42-526af7764f64', 'Pêssego', false, true, true);
INSERT INTO tb_recheio (id_recheio, nome, eh_especial, eh_disponivel, eh_salgado) VALUES ('a5fb1a14-8a2e-11e9-bc42-526af7764f64', 'Pimentão', false, true, true);
INSERT INTO tb_recheio (id_recheio, nome, eh_especial, eh_disponivel, eh_salgado) VALUES ('a5fb1b36-8a2e-11e9-bc42-526af7764f64', 'Presunto', false, true, true);
INSERT INTO tb_recheio (id_recheio, nome, eh_especial, eh_disponivel, eh_salgado) VALUES ('a5fb1c4e-8a2e-11e9-bc42-526af7764f64', 'Provolone', false, true, true);
INSERT INTO tb_recheio (id_recheio, nome, eh_especial, eh_disponivel, eh_salgado) VALUES ('a5fb1e4c-8a2e-11e9-bc42-526af7764f64', 'Requeijão', false, true, true);
INSERT INTO tb_recheio (id_recheio, nome, eh_especial, eh_disponivel, eh_salgado) VALUES ('a5fb1fb4-8a2e-11e9-bc42-526af7764f64', 'Rúcula', false, true, true);
INSERT INTO tb_recheio (id_recheio, nome, eh_especial, eh_disponivel, eh_salgado) VALUES ('a5fb2342-8a2e-11e9-bc42-526af7764f64', 'Salsicha', false, true, true);
INSERT INTO tb_recheio (id_recheio, nome, eh_especial, eh_disponivel, eh_salgado) VALUES ('a5fb248c-8a2e-11e9-bc42-526af7764f64', 'Tiras De Filé', true, true, true);
INSERT INTO tb_recheio (id_recheio, nome, eh_especial, eh_disponivel, eh_salgado) VALUES ('a5fb25b8-8a2e-11e9-bc42-526af7764f64', 'Tomate', false, true, true);
INSERT INTO tb_recheio (id_recheio, nome, eh_especial, eh_disponivel, eh_salgado) VALUES ('a5fb26da-8a2e-11e9-bc42-526af7764f64', 'Tomate Seco', false, true, true);
