
------	###	OS DADOS ABAIXO NÃO PODEM IR PARA PRODUÇÃO	###	------

--- clientes ---
--- não insere datas de nascimento e de cadastro
INSERT INTO tb_cliente (id_cliente, nome, cpf, instagram, facebook, email) VALUES ('b0e833f0-8d06-11e9-bc42-526af7764f64', 'Sarah Evelyn Silva', '23234054703', 'sara_es', null, null);
INSERT INTO tb_cliente (id_cliente, nome, cpf, instagram, facebook, email) VALUES ('b0e8368e-8d06-11e9-bc42-526af7764f64', 'Rebeca Jaqueline Melo', '64362804307', 'rebecamelo', 'rebecamelo', null );
INSERT INTO tb_cliente (id_cliente, nome, cpf, instagram, facebook, email) VALUES ('b0e837d8-8d06-11e9-bc42-526af7764f64', 'Pietra Rita Assis', '22860007946', 'PitAssis_', null, 'pietraritaassis__pietraritaassis@unimedsjc.com.br' );
INSERT INTO tb_cliente (id_cliente, nome, cpf, instagram, facebook, email) VALUES ('b0e83904-8d06-11e9-bc42-526af7764f64', 'Valentina Esther Fernandes', '25527765311', null, 'thether', 'valentinaestherfernandes_@raffinimobiliario.com.br' );
INSERT INTO tb_cliente (id_cliente, nome, cpf, instagram, facebook, email) VALUES ('b0e83f62-8d06-11e9-bc42-526af7764f64', 'Ricardo Bernardo da Silva', '61955426872', null, 'Ricnardo', 'ricardobernardodasilva_@sfreitasadvogados.com.br' );
INSERT INTO tb_cliente (id_cliente, nome, cpf, instagram, facebook, email) VALUES ('b7ed9222-8e13-11e9-b683-526af7764f64','Martin Carlos Jorge da Luz', '25937691490', 'Martin_insta', 'face_Martin', 'mmartincarlosjorgedaluz@zepto.com.br');
INSERT INTO tb_cliente (id_cliente, nome, cpf, instagram, facebook, email) VALUES ('b7ed94d4-8e13-11e9-b683-526af7764f64','Julia Benedita Heloisa da Paz', '82285135424', 'Julia_insta', 'face_Julia', 'juliabeneditaheloisadapaz-93@munhozengenharia.com.br');
INSERT INTO tb_cliente (id_cliente, nome, cpf, instagram, facebook, email) VALUES ('b7ed961e-8e13-11e9-b683-526af7764f64','Heloisa Priscila Evelyn Jesus', '45178076494', 'Heloisa_insta', 'face_Heloisa', 'heloisapriscilaevelynjesus_@djapan.com.br');
INSERT INTO tb_cliente (id_cliente, nome, cpf, instagram, facebook, email) VALUES ('b7ed974a-8e13-11e9-b683-526af7764f64','Isadora Olivia Eloá da Paz', '58982011498', 'Isadora_insta', 'face_Isadora', 'isadoraoliviaeloadapaz__isadoraoliviaeloadapaz@andrepires.com.br');
INSERT INTO tb_cliente (id_cliente, nome, cpf, instagram, facebook, email) VALUES ('b7ed9ab0-8e13-11e9-b683-526af7764f64','Jéssica Flávia Sebastiana Pereira', '67685171473', 'Jéssica_insta', 'face_Jéssica', 'jessicaflaviasebastianapereira-93@lubeka.com.br');
INSERT INTO tb_cliente (id_cliente, nome, cpf, instagram, facebook, email) VALUES ('b7ed9be6-8e13-11e9-b683-526af7764f64','Liz Isabelly Nina Drumond', '39769806412', 'Liz_insta', 'face_Liz', 'lizisabellyninadrumond-85@luxafit.com.br');
INSERT INTO tb_cliente (id_cliente, nome, cpf, instagram, facebook, email) VALUES ('b7ed9d12-8e13-11e9-b683-526af7764f64','Diego Fábio Nogueira', '09295331435', 'Diego_insta', 'face_Diego', 'ddiegofabionogueira@nogueiramoura.com.br');
INSERT INTO tb_cliente (id_cliente, nome, cpf, instagram, facebook, email) VALUES ('b7ed9e2a-8e13-11e9-b683-526af7764f64','Débora Elza Silveira', '90492429448', 'Débora_insta', 'face_Débora', 'deboraelzasilveira__deboraelzasilveira@shimu.com.br');
INSERT INTO tb_cliente (id_cliente, nome, cpf, instagram, facebook, email) VALUES ('b7ed9f56-8e13-11e9-b683-526af7764f64','Isaac Paulo Campos', '69720677406', 'Isaac_insta', 'face_Isaac', 'isaacpaulocampos_@dkcarmo.com');
INSERT INTO tb_cliente (id_cliente, nome, cpf, instagram, facebook, email) VALUES ('b7eda06e-8e13-11e9-b683-526af7764f64','Mariane Rayssa da Paz', '13050833424', 'Mariane_insta', 'face_Mariane', 'marianerayssadapaz..marianerayssadapaz@bol.com.br');
INSERT INTO tb_cliente (id_cliente, nome, cpf, instagram, facebook, email) VALUES ('b7eda410-8e13-11e9-b683-526af7764f64','Maitê Natália Santos', '42784595480', 'Maitê_insta', 'face_Maitê', 'maitenataliasantos__maitenataliasantos@novotempo.org.br');
INSERT INTO tb_cliente (id_cliente, nome, cpf, instagram, facebook, email) VALUES ('b7eda55a-8e13-11e9-b683-526af7764f64','Iago Nathan Silveira', '12462224424', 'Iago_insta', 'face_Iago', 'iagonathansilveira-73@riguetti.com.br');
INSERT INTO tb_cliente (id_cliente, nome, cpf, instagram, facebook, email) VALUES ('b7eda67c-8e13-11e9-b683-526af7764f64','Caio Bento Dias', '29747668467', 'Caio_insta', 'face_Caio', 'caiobentodias-90@ntiequipamentos.com.br');
INSERT INTO tb_cliente (id_cliente, nome, cpf, instagram, facebook, email) VALUES ('b7eda7a8-8e13-11e9-b683-526af7764f64','Emanuel Otávio Diego Brito', '98917618430', 'Emanuel_insta', 'face_Emanuel', 'emanuelotaviodiegobrito__emanuelotaviodiegobrito@igui.com.br');
INSERT INTO tb_cliente (id_cliente, nome, cpf, instagram, facebook, email) VALUES ('b7eda8ca-8e13-11e9-b683-526af7764f64','Diogo Henrique Gustavo Ferreira', '92298323402', 'Diogo_insta', 'face_Diogo', 'diogohenriquegustavoferreira..diogohenriquegustavoferreira@verdana.com.br');
INSERT INTO tb_cliente (id_cliente, nome, cpf, instagram, facebook, email) VALUES ('b7eda9ec-8e13-11e9-b683-526af7764f64','Gabriela Marli Sabrina Baptista', '83933609437', 'Gabriela_insta', 'face_Gabriela', 'gabrielamarlisabrinabaptista..gabrielamarlisabrinabaptista@predialnet.com.br');
INSERT INTO tb_cliente (id_cliente, nome, cpf, instagram, facebook, email) VALUES ('b7edab0e-8e13-11e9-b683-526af7764f64','Mário Renan Caldeira', '25398746499', 'Mário_insta', 'face_Mário', 'mariorenancaldeira_@pobox.com');
INSERT INTO tb_cliente (id_cliente, nome, cpf, instagram, facebook, email) VALUES ('b7edae7e-8e13-11e9-b683-526af7764f64','Breno Severino Peixoto', '63252195461', 'Breno_insta', 'face_Breno', 'brenoseverinopeixoto..brenoseverinopeixoto@redealumni.com');
INSERT INTO tb_cliente (id_cliente, nome, cpf, instagram, facebook, email) VALUES ('b7edafbe-8e13-11e9-b683-526af7764f64','Melissa Olivia Nicole Novaes', '41121414400', 'Melissa_insta', 'face_Melissa', 'melissaolivianicolenovaes_@granvale.com.br');
INSERT INTO tb_cliente (id_cliente, nome, cpf, instagram, facebook, email) VALUES ('b7edb180-8e13-11e9-b683-526af7764f64','Augusto Caleb Pereira', '31369056443', 'Augusto_insta', 'face_Augusto', 'augustocalebpereira_@amaralmonteiro.com.br');
INSERT INTO tb_cliente (id_cliente, nome, cpf, instagram, facebook, email) VALUES ('b7edb2ca-8e13-11e9-b683-526af7764f64','Daniel Bernardo Ryan da Paz', '52784836444', 'Daniel_insta', 'face_Daniel', 'danielbernardoryandapaz..danielbernardoryandapaz@giltelhas.com.br');
INSERT INTO tb_cliente (id_cliente, nome, cpf, instagram, facebook, email) VALUES ('b7edb3f6-8e13-11e9-b683-526af7764f64','Sueli Sarah Elaine Rocha', '37887177421', 'Sueli_insta', 'face_Sueli', 'suelisarahelainerocha..suelisarahelainerocha@moen.com.br');
INSERT INTO tb_cliente (id_cliente, nome, cpf, instagram, facebook, email) VALUES ('b7edb518-8e13-11e9-b683-526af7764f64','Isabel Elza Tatiane da Conceição', '53589791403', 'Isabel_insta', 'face_Isabel', 'isabelelzatatianedaconceicao..isabelelzatatianedaconceicao@vmetaiscba.com.br');
INSERT INTO tb_cliente (id_cliente, nome, cpf, instagram, facebook, email) VALUES ('b7edb63a-8e13-11e9-b683-526af7764f64','Sebastiana Antonella Nascimento', '28101878432', 'Sebastiana_insta', 'face_Sebastiana', 'sebastianaantonellanascimento..sebastianaantonellanascimento@mirafactoring.com.br');
INSERT INTO tb_cliente (id_cliente, nome, cpf, instagram, facebook, email) VALUES ('b7edb9f0-8e13-11e9-b683-526af7764f64','Brenda Isabelly Aparício', '00487225457', 'Brenda_insta', 'face_Brenda', 'brendaisabellyaparicio_@maptec.com.br');
INSERT INTO tb_cliente (id_cliente, nome, cpf, instagram, facebook, email) VALUES ('b7edbb26-8e13-11e9-b683-526af7764f64','Patrícia Bruna Mariane Carvalho', '64331873404', 'Patrícia_insta', 'face_Patrícia', 'patriciabrunamarianecarvalho..patriciabrunamarianecarvalho@origembr.com');
INSERT INTO tb_cliente (id_cliente, nome, cpf, instagram, facebook, email) VALUES ('b7edbc3e-8e13-11e9-b683-526af7764f64','Kauê Benício Renan Drumond', '61339772485', 'Kauê_insta', 'face_Kauê', 'kkauebeniciorenandrumond@estadao.com.br');
INSERT INTO tb_cliente (id_cliente, nome, cpf, instagram, facebook, email) VALUES ('b7edbd60-8e13-11e9-b683-526af7764f64','Olivia Lara Farias', '62577116497', 'Olivia_insta', 'face_Olivia', 'olivialarafarias..olivialarafarias@unitau.br');
INSERT INTO tb_cliente (id_cliente, nome, cpf, instagram, facebook, email) VALUES ('b7edbe82-8e13-11e9-b683-526af7764f64','Jorge Vicente Nogueira', '03619838402', 'Jorge_insta', 'face_Jorge', 'jorgevicentenogueira..jorgevicentenogueira@universo3d.com.br');
INSERT INTO tb_cliente (id_cliente, nome, cpf, instagram, facebook, email) VALUES ('b7edbf9a-8e13-11e9-b683-526af7764f64','Davi Nelson Baptista', '83757350430', 'Davi_insta', 'face_Davi', 'davinelsonbaptista_@djapan.com.br');


--- telefones ---
INSERT INTO tb_telefone (id_telefone, ddd, numero, whatsapp, observacao, id_cliente_fk) VALUES ('62c479c2-8d0b-11e9-bc42-526af7764f64', 83, '32356050', false, 'trabalho fds', 'b0e833f0-8d06-11e9-bc42-526af7764f64');
INSERT INTO tb_telefone (id_telefone, ddd, numero, whatsapp, observacao, id_cliente_fk) VALUES ('62c47c60-8d0b-11e9-bc42-526af7764f64', 83, '996185740', true, null, 'b0e8368e-8d06-11e9-bc42-526af7764f64');
INSERT INTO tb_telefone (id_telefone, ddd, numero, whatsapp, observacao, id_cliente_fk) VALUES ('62c48160-8d0b-11e9-bc42-526af7764f64', 83, '990690637', false, null, 'b0e837d8-8d06-11e9-bc42-526af7764f64');
INSERT INTO tb_telefone (id_telefone, ddd, numero, whatsapp, observacao, id_cliente_fk) VALUES ('62c482be-8d0b-11e9-bc42-526af7764f64', 83, '32354900', false, null, 'b0e83904-8d06-11e9-bc42-526af7764f64');
INSERT INTO tb_telefone (id_telefone, ddd, numero, whatsapp, observacao, id_cliente_fk) VALUES ('62c483ea-8d0b-11e9-bc42-526af7764f64', 83, '35122009', false, 'Ramal trabalho', 'b0e83f62-8d06-11e9-bc42-526af7764f64');
INSERT INTO tb_telefone (id_telefone, ddd, numero, whatsapp, observacao, id_cliente_fk) VALUES ('62c4850c-8d0b-11e9-bc42-526af7764f64', 83, '997916971', true, null, 'b0e83904-8d06-11e9-bc42-526af7764f64');
INSERT INTO tb_telefone (id_telefone, ddd, numero, whatsapp, observacao, id_cliente_fk) VALUES ('62c4862e-8d0b-11e9-bc42-526af7764f64', 27, '28119059', false, null, 'b0e83f62-8d06-11e9-bc42-526af7764f64');
INSERT INTO tb_telefone (id_telefone, ddd, numero, whatsapp, observacao, id_cliente_fk) VALUES ('52014d4a-8e14-11e9-bc42-526af7764f64', 83, '996502840', false, 'tim', 'b7ed9222-8e13-11e9-b683-526af7764f64');
INSERT INTO tb_telefone (id_telefone, ddd, numero, whatsapp, observacao, id_cliente_fk) VALUES ('52014ffc-8e14-11e9-bc42-526af7764f64', 83, '992339989', true, 'tim', 'b7ed94d4-8e13-11e9-b683-526af7764f64');
INSERT INTO tb_telefone (id_telefone, ddd, numero, whatsapp, observacao, id_cliente_fk) VALUES ('52015146-8e14-11e9-bc42-526af7764f64', 83, '985231280', true, 'tim', 'b7ed961e-8e13-11e9-b683-526af7764f64');
INSERT INTO tb_telefone (id_telefone, ddd, numero, whatsapp, observacao, id_cliente_fk) VALUES ('520155a6-8e14-11e9-bc42-526af7764f64', 83, '982917496', true, 'vivo', 'b7ed974a-8e13-11e9-b683-526af7764f64');
INSERT INTO tb_telefone (id_telefone, ddd, numero, whatsapp, observacao, id_cliente_fk) VALUES ('520156e6-8e14-11e9-bc42-526af7764f64', 83, '991230036', true, 'vivo', 'b7ed9ab0-8e13-11e9-b683-526af7764f64');
INSERT INTO tb_telefone (id_telefone, ddd, numero, whatsapp, observacao, id_cliente_fk) VALUES ('5201581c-8e14-11e9-bc42-526af7764f64', 83, '994960355', true, 'vivo', 'b7ed9be6-8e13-11e9-b683-526af7764f64');
INSERT INTO tb_telefone (id_telefone, ddd, numero, whatsapp, observacao, id_cliente_fk) VALUES ('52015948-8e14-11e9-bc42-526af7764f64', 83, '981010372', true, 'vivo', 'b7ed9d12-8e13-11e9-b683-526af7764f64');
INSERT INTO tb_telefone (id_telefone, ddd, numero, whatsapp, observacao, id_cliente_fk) VALUES ('52015a6a-8e14-11e9-bc42-526af7764f64', 83, '995519562', true, 'vivo', 'b7ed9e2a-8e13-11e9-b683-526af7764f64');
INSERT INTO tb_telefone (id_telefone, ddd, numero, whatsapp, observacao, id_cliente_fk) VALUES ('52015dbc-8e14-11e9-bc42-526af7764f64', 83, '986367720', true, 'vivo', 'b7ed9f56-8e13-11e9-b683-526af7764f64');
INSERT INTO tb_telefone (id_telefone, ddd, numero, whatsapp, observacao, id_cliente_fk) VALUES ('520161ae-8e14-11e9-bc42-526af7764f64', 83, '985327101', false, 'vivo', 'b7eda06e-8e13-11e9-b683-526af7764f64');
INSERT INTO tb_telefone (id_telefone, ddd, numero, whatsapp, observacao, id_cliente_fk) VALUES ('5201630c-8e14-11e9-bc42-526af7764f64', 83, '996240862', false, 'vivo', 'b7eda410-8e13-11e9-b683-526af7764f64');
INSERT INTO tb_telefone (id_telefone, ddd, numero, whatsapp, observacao, id_cliente_fk) VALUES ('52016438-8e14-11e9-bc42-526af7764f64', 83, '983017911', false, 'vivo', 'b7eda410-8e13-11e9-b683-526af7764f64');
INSERT INTO tb_telefone (id_telefone, ddd, numero, whatsapp, observacao, id_cliente_fk) VALUES ('5201655a-8e14-11e9-bc42-526af7764f64', 83, '986187013', false, 'vivo', 'b7eda410-8e13-11e9-b683-526af7764f64');
INSERT INTO tb_telefone (id_telefone, ddd, numero, whatsapp, observacao, id_cliente_fk) VALUES ('52016686-8e14-11e9-bc42-526af7764f64', 83, '987050250', false, 'vivo', 'b7eda410-8e13-11e9-b683-526af7764f64');
INSERT INTO tb_telefone (id_telefone, ddd, numero, whatsapp, observacao, id_cliente_fk) VALUES ('520167a8-8e14-11e9-bc42-526af7764f64', 83, '994596762', false, 'vivo', 'b7eda8ca-8e13-11e9-b683-526af7764f64');
INSERT INTO tb_telefone (id_telefone, ddd, numero, whatsapp, observacao, id_cliente_fk) VALUES ('520168ca-8e14-11e9-bc42-526af7764f64', 83, '993624470', false, 'vivo', 'b7eda9ec-8e13-11e9-b683-526af7764f64');
INSERT INTO tb_telefone (id_telefone, ddd, numero, whatsapp, observacao, id_cliente_fk) VALUES ('52016dac-8e14-11e9-bc42-526af7764f64', 83, '988888332', true, 'vivo', 'b7edab0e-8e13-11e9-b683-526af7764f64');
INSERT INTO tb_telefone (id_telefone, ddd, numero, whatsapp, observacao, id_cliente_fk) VALUES ('52016f28-8e14-11e9-bc42-526af7764f64', 83, '992802826', true, 'vivo', 'b7edae7e-8e13-11e9-b683-526af7764f64');
INSERT INTO tb_telefone (id_telefone, ddd, numero, whatsapp, observacao, id_cliente_fk) VALUES ('5201705e-8e14-11e9-bc42-526af7764f64', 83, '983276876', true, 'tim', 'b7edafbe-8e13-11e9-b683-526af7764f64');
INSERT INTO tb_telefone (id_telefone, ddd, numero, whatsapp, observacao, id_cliente_fk) VALUES ('5201718a-8e14-11e9-bc42-526af7764f64', 83, '992320525', true, 'tim', 'b7edb180-8e13-11e9-b683-526af7764f64');
INSERT INTO tb_telefone (id_telefone, ddd, numero, whatsapp, observacao, id_cliente_fk) VALUES ('520172ac-8e14-11e9-bc42-526af7764f64', 83, '993492908', true, null, 'b7edb2ca-8e13-11e9-b683-526af7764f64');
INSERT INTO tb_telefone (id_telefone, ddd, numero, whatsapp, observacao, id_cliente_fk) VALUES ('520173ce-8e14-11e9-bc42-526af7764f64', 83, '982361027', true, null, 'b7edb3f6-8e13-11e9-b683-526af7764f64');
INSERT INTO tb_telefone (id_telefone, ddd, numero, whatsapp, observacao, id_cliente_fk) VALUES ('520174f0-8e14-11e9-bc42-526af7764f64', 83, '996726672', true, null, 'b7edb518-8e13-11e9-b683-526af7764f64');
INSERT INTO tb_telefone (id_telefone, ddd, numero, whatsapp, observacao, id_cliente_fk) VALUES ('52017f54-8e14-11e9-bc42-526af7764f64', 83, '993877488', true, null, 'b7edb63a-8e13-11e9-b683-526af7764f64');
INSERT INTO tb_telefone (id_telefone, ddd, numero, whatsapp, observacao, id_cliente_fk) VALUES ('520180a8-8e14-11e9-bc42-526af7764f64', 83, '989774426', true, null, 'b7edb9f0-8e13-11e9-b683-526af7764f64');
INSERT INTO tb_telefone (id_telefone, ddd, numero, whatsapp, observacao, id_cliente_fk) VALUES ('520181d4-8e14-11e9-bc42-526af7764f64', 83, '994684422', true, null, 'b7edbb26-8e13-11e9-b683-526af7764f64');
INSERT INTO tb_telefone (id_telefone, ddd, numero, whatsapp, observacao, id_cliente_fk) VALUES ('5201851c-8e14-11e9-bc42-526af7764f64', 83, '999056482', false, null, 'b7edbc3e-8e13-11e9-b683-526af7764f64');
INSERT INTO tb_telefone (id_telefone, ddd, numero, whatsapp, observacao, id_cliente_fk) VALUES ('52018896-8e14-11e9-bc42-526af7764f64', 83, '991152198', false, null, 'b7edbf9a-8e13-11e9-b683-526af7764f64');
INSERT INTO tb_telefone (id_telefone, ddd, numero, whatsapp, observacao, id_cliente_fk) VALUES ('52018c24-8e14-11e9-bc42-526af7764f64', 83, '997746938', false, null, 'b7edbf9a-8e13-11e9-b683-526af7764f64');
INSERT INTO tb_telefone (id_telefone, ddd, numero, whatsapp, observacao, id_cliente_fk) VALUES ('52018dc8-8e14-11e9-bc42-526af7764f64', 83, '984962176', false, null, 'b7edbf9a-8e13-11e9-b683-526af7764f64');

--- enderecos ---
INSERT INTO tb_endereco (id_endereco, rua, numero, bairro, complemento, id_cliente_fk) VALUES ('0916cc7a-8d2b-11e9-bc42-526af7764f64','Rua Estudante Júlio Cezar Soares da Silva', '287', 'Valentina de Figueiredo', null, 'b0e833f0-8d06-11e9-bc42-526af7764f64');
INSERT INTO tb_endereco (id_endereco, rua, numero, bairro, complemento, id_cliente_fk) VALUES ('0916cf04-8d2b-11e9-bc42-526af7764f64','Rua Severina de Freitas', '362', 'Mandacaru', null, 'b0e8368e-8d06-11e9-bc42-526af7764f64');
INSERT INTO tb_endereco (id_endereco, rua, numero, bairro, complemento, id_cliente_fk) VALUES ('0916d044-8d2b-11e9-bc42-526af7764f64','Rua Francisco Guimarães', '650', 'Ipês', null, 'b0e837d8-8d06-11e9-bc42-526af7764f64');
INSERT INTO tb_endereco (id_endereco, rua, numero, bairro, complemento, id_cliente_fk) VALUES ('0916d42c-8d2b-11e9-bc42-526af7764f64','Rua Aluísio Bezerra da Silva', '207', 'Portal do Sol', null, 'b0e83904-8d06-11e9-bc42-526af7764f64');
INSERT INTO tb_endereco (id_endereco, rua, numero, bairro, complemento, id_cliente_fk) VALUES ('0916d594-8d2b-11e9-bc42-526af7764f64','Rua Valdemiro Ferreira da Silva', '819', 'Nações', null, 'b0e83f62-8d06-11e9-bc42-526af7764f64');
INSERT INTO tb_endereco (id_endereco, rua, numero, bairro, complemento, id_cliente_fk) VALUES ('0916d6c0-8d2b-11e9-bc42-526af7764f64','Rua Professor Oswaldo de Miranda Pereira', '623', 'Brisamar', null, 'b0e83904-8d06-11e9-bc42-526af7764f64');
INSERT INTO tb_endereco (id_endereco, rua, numero, bairro, complemento, id_cliente_fk) VALUES ('0916d7ec-8d2b-11e9-bc42-526af7764f64','Rua Aparecida', '690', 'Nova Conquista', null, 'b0e83f62-8d06-11e9-bc42-526af7764f64');
INSERT INTO tb_endereco (id_endereco, rua, numero, bairro, complemento, id_cliente_fk) VALUES ('0916dbac-8d2b-11e9-bc42-526af7764f64','Rua Maria Eulina', '110', 'Popular', null, 'b0e833f0-8d06-11e9-bc42-526af7764f64');
INSERT INTO tb_endereco (id_endereco, rua, numero, bairro, complemento, id_cliente_fk) VALUES ('d0846822-8e15-11e9-bc42-526af7764f64', 'Rua Turquia', '193', 'Indústrias', null, 'b7ed9222-8e13-11e9-b683-526af7764f64');
INSERT INTO tb_endereco (id_endereco, rua, numero, bairro, complemento, id_cliente_fk) VALUES ('d0846ade-8e15-11e9-bc42-526af7764f64', 'Rua Peregrino de Carvalho', '717', 'Centro', null, 'b7ed94d4-8e13-11e9-b683-526af7764f64');
INSERT INTO tb_endereco (id_endereco, rua, numero, bairro, complemento, id_cliente_fk) VALUES ('d0846c1e-8e15-11e9-bc42-526af7764f64', 'Rua Lins de Vasconcelos', '747', 'Treze de Maio', null, 'b7ed961e-8e13-11e9-b683-526af7764f64');
INSERT INTO tb_endereco (id_endereco, rua, numero, bairro, complemento, id_cliente_fk) VALUES ('d0846f7a-8e15-11e9-bc42-526af7764f64', 'Travessa Patrícia Vieira', '306', 'Santo Antônio', null, 'b7ed974a-8e13-11e9-b683-526af7764f64');
INSERT INTO tb_endereco (id_endereco, rua, numero, bairro, complemento, id_cliente_fk) VALUES ('d08470c4-8e15-11e9-bc42-526af7764f64', 'Rua João Pereira de Arruda', '175', 'Funcionários', null, 'b7ed9ab0-8e13-11e9-b683-526af7764f64');
INSERT INTO tb_endereco (id_endereco, rua, numero, bairro, complemento, id_cliente_fk) VALUES ('d08471f0-8e15-11e9-bc42-526af7764f64', 'Praça Noé Rodrigues de Lima, s\/n', '704', 'Centro', null, 'b7ed9be6-8e13-11e9-b683-526af7764f64');
INSERT INTO tb_endereco (id_endereco, rua, numero, bairro, complemento, id_cliente_fk) VALUES ('d08474de-8e15-11e9-bc42-526af7764f64', 'Rua José Fernandes de Lima', '910', 'Comercial Norte', null, 'b7ed9d12-8e13-11e9-b683-526af7764f64');
INSERT INTO tb_endereco (id_endereco, rua, numero, bairro, complemento, id_cliente_fk) VALUES ('d0847632-8e15-11e9-bc42-526af7764f64', 'Rua B', '243', 'Distrito Industrial', null, 'b7ed9e2a-8e13-11e9-b683-526af7764f64');
INSERT INTO tb_endereco (id_endereco, rua, numero, bairro, complemento, id_cliente_fk) VALUES ('d0847754-8e15-11e9-bc42-526af7764f64', 'Rua Doutor Aroldo Cruz', '651', 'Itararé', null, 'b7ed9f56-8e13-11e9-b683-526af7764f64');
INSERT INTO tb_endereco (id_endereco, rua, numero, bairro, complemento, id_cliente_fk) VALUES ('d0847b00-8e15-11e9-bc42-526af7764f64', 'Rua Luzia Ferreira Leitão', '166', 'Jatobá', null, 'b7eda06e-8e13-11e9-b683-526af7764f64');
INSERT INTO tb_endereco (id_endereco, rua, numero, bairro, complemento, id_cliente_fk) VALUES ('d0847c2c-8e15-11e9-bc42-526af7764f64', 'Rua Gilberto Stuckert', '296', 'Jardim Oceania', null, 'b7eda410-8e13-11e9-b683-526af7764f64');
INSERT INTO tb_endereco (id_endereco, rua, numero, bairro, complemento, id_cliente_fk) VALUES ('d0848082-8e15-11e9-bc42-526af7764f64', 'Rua Mar da Galiléia', '705', 'Gramame', null, 'b7eda55a-8e13-11e9-b683-526af7764f64');
INSERT INTO tb_endereco (id_endereco, rua, numero, bairro, complemento, id_cliente_fk) VALUES ('d0848208-8e15-11e9-bc42-526af7764f64', 'Rua Jamaica', '986', 'Serrotão', null, 'b7eda67c-8e13-11e9-b683-526af7764f64');
INSERT INTO tb_endereco (id_endereco, rua, numero, bairro, complemento, id_cliente_fk) VALUES ('d08483ac-8e15-11e9-bc42-526af7764f64', 'Rua Romildo Domingues de Melo', '990', 'Gramame', null, 'b7eda7a8-8e13-11e9-b683-526af7764f64');
INSERT INTO tb_endereco (id_endereco, rua, numero, bairro, complemento, id_cliente_fk) VALUES ('d08486fe-8e15-11e9-bc42-526af7764f64', 'Rua Levi Benedito', '729', 'Treze de Maio', null, 'b7eda8ca-8e13-11e9-b683-526af7764f64');
INSERT INTO tb_endereco (id_endereco, rua, numero, bairro, complemento, id_cliente_fk) VALUES ('d0848848-8e15-11e9-bc42-526af7764f64', 'Rua Doutor Carlos Pires de Sá', '733', 'Areias', null, 'b7eda9ec-8e13-11e9-b683-526af7764f64');
INSERT INTO tb_endereco (id_endereco, rua, numero, bairro, complemento, id_cliente_fk) VALUES ('d084896a-8e15-11e9-bc42-526af7764f64', 'Rua Belarmino da Silva Amorim', '406', 'Liberdade', null, 'b7edab0e-8e13-11e9-b683-526af7764f64');
INSERT INTO tb_endereco (id_endereco, rua, numero, bairro, complemento, id_cliente_fk) VALUES ('d0848a8c-8e15-11e9-bc42-526af7764f64', 'Rua José Ciciliano de Souza Barbosa', '743', 'Mangabeira', null, 'b7edae7e-8e13-11e9-b683-526af7764f64');
INSERT INTO tb_endereco (id_endereco, rua, numero, bairro, complemento, id_cliente_fk) VALUES ('d0848bae-8e15-11e9-bc42-526af7764f64', 'Rua Basta Gomes', '260', 'Santo Antônio', null, 'b7edafbe-8e13-11e9-b683-526af7764f64');
INSERT INTO tb_endereco (id_endereco, rua, numero, bairro, complemento, id_cliente_fk) VALUES ('d0848cda-8e15-11e9-bc42-526af7764f64', 'Rua Antônio Jerônimo', '350', 'Rio do Meio', null, 'b7edb180-8e13-11e9-b683-526af7764f64');
INSERT INTO tb_endereco (id_endereco, rua, numero, bairro, complemento, id_cliente_fk) VALUES ('d0849018-8e15-11e9-bc42-526af7764f64', 'Loteamento Barra de Ouro', '151', 'Indústrias', null, 'b7edb2ca-8e13-11e9-b683-526af7764f64');
INSERT INTO tb_endereco (id_endereco, rua, numero, bairro, complemento, id_cliente_fk) VALUES ('d0849158-8e15-11e9-bc42-526af7764f64', 'Rua Maria Hosana Lelis', '514', 'Três Irmãs', null, 'b7edb3f6-8e13-11e9-b683-526af7764f64');
INSERT INTO tb_endereco (id_endereco, rua, numero, bairro, complemento, id_cliente_fk) VALUES ('d084927a-8e15-11e9-bc42-526af7764f64', 'Praça Doutor João Úrsulo 17', '780', 'Centro', null, 'b7edb518-8e13-11e9-b683-526af7764f64');
INSERT INTO tb_endereco (id_endereco, rua, numero, bairro, complemento, id_cliente_fk) VALUES ('d084939c-8e15-11e9-bc42-526af7764f64', 'Rua da Abolição', '837', 'Treze de Maio', null, 'b7edb63a-8e13-11e9-b683-526af7764f64');
INSERT INTO tb_endereco (id_endereco, rua, numero, bairro, complemento, id_cliente_fk) VALUES ('d08494c8-8e15-11e9-bc42-526af7764f64', 'Rua Sebastião Lucena de Castro', '613', 'Jardim Paulistano', null, 'b7edb9f0-8e13-11e9-b683-526af7764f64');
INSERT INTO tb_endereco (id_endereco, rua, numero, bairro, complemento, id_cliente_fk) VALUES ('d08497fc-8e15-11e9-bc42-526af7764f64', 'Rua Maria José Gomes do Amaral', '421', 'Alto do Mateus', null, 'b7edbb26-8e13-11e9-b683-526af7764f64');
INSERT INTO tb_endereco (id_endereco, rua, numero, bairro, complemento, id_cliente_fk) VALUES ('d084993c-8e15-11e9-bc42-526af7764f64', 'Rua Mestre Júlio Sarmento', '768', 'Bancários', null, 'b7edbc3e-8e13-11e9-b683-526af7764f64');
INSERT INTO tb_endereco (id_endereco, rua, numero, bairro, complemento, id_cliente_fk) VALUES ('d0849a5e-8e15-11e9-bc42-526af7764f64', 'Rua Severino Neves de Lima', '185', 'Mangabeira', null, 'b7edbd60-8e13-11e9-b683-526af7764f64');
INSERT INTO tb_endereco (id_endereco, rua, numero, bairro, complemento, id_cliente_fk) VALUES ('d0849b80-8e15-11e9-bc42-526af7764f64', 'Rua Evaldo Wanderley', '114', 'Tambauzinho', null, 'b7edbe82-8e13-11e9-b683-526af7764f64');
INSERT INTO tb_endereco (id_endereco, rua, numero, bairro, complemento, id_cliente_fk) VALUES ('d0849cac-8e15-11e9-bc42-526af7764f64', 'Rua José Gaspar', '641', 'Alto da Tubiba', null, 'b7edbf9a-8e13-11e9-b683-526af7764f64');

------	###	OS DADOS ACIMA NÃO PODEM IR PARA PRODUÇÃO	###	------



--- produtos ---
 INSERT INTO tb_produto (id_produto, nome, preco, pizza) VALUES ('a66ef71e-a0b2-11e9-a2a3-2a2ae2dbcce4', 'Borda Chedar', '5', false);
 INSERT INTO tb_produto (id_produto, nome, preco, pizza) VALUES ('a66ef9a8-a0b2-11e9-a2a3-2a2ae2dbcce4', 'Borda Chocolate', '8', false);
 INSERT INTO tb_produto (id_produto, nome, preco, pizza) VALUES ('a66efaf2-a0b2-11e9-a2a3-2a2ae2dbcce4', 'Borda Cream Cheese', '8', false);
 INSERT INTO tb_produto (id_produto, nome, preco, pizza) VALUES ('a66efeee-a0b2-11e9-a2a3-2a2ae2dbcce4', 'Borda Catupiry', '5', false);
 INSERT INTO tb_produto (id_produto, nome, preco, pizza) VALUES ('a66f0056-a0b2-11e9-a2a3-2a2ae2dbcce4', 'Borda Frampiry', '8', false);
 INSERT INTO tb_produto (id_produto, nome, preco, pizza) VALUES ('a66f0196-a0b2-11e9-a2a3-2a2ae2dbcce4', 'Borda Catupiresa', '8', false);
 INSERT INTO tb_produto (id_produto, nome, preco, pizza) VALUES ('a66f0506-a0b2-11e9-a2a3-2a2ae2dbcce4', 'Borda Solpiry', '8', false);
 INSERT INTO tb_produto (id_produto, nome, preco, pizza) VALUES ('a66f066e-a0b2-11e9-a2a3-2a2ae2dbcce4', 'Água sem gás', '2.5', false);
 INSERT INTO tb_produto (id_produto, nome, preco, pizza) VALUES ('a66f093e-a0b2-11e9-a2a3-2a2ae2dbcce4', 'Água com gás', '2.5', false);
 INSERT INTO tb_produto (id_produto, nome, preco, pizza) VALUES ('a66f0a92-a0b2-11e9-a2a3-2a2ae2dbcce4', 'Aqua Fresh', '3.5', false);
 INSERT INTO tb_produto (id_produto, nome, preco, pizza) VALUES ('a66f0bbe-a0b2-11e9-a2a3-2a2ae2dbcce4', 'Coca 1L', '7', false);
 INSERT INTO tb_produto (id_produto, nome, preco, pizza) VALUES ('a66f0cea-a0b2-11e9-a2a3-2a2ae2dbcce4', 'Coca Lata', '4.5', false);
 INSERT INTO tb_produto (id_produto, nome, preco, pizza) VALUES ('a66f1104-a0b2-11e9-a2a3-2a2ae2dbcce4', 'Guaraná 1L', '6', false);
 INSERT INTO tb_produto (id_produto, nome, preco, pizza) VALUES ('a66f1294-a0b2-11e9-a2a3-2a2ae2dbcce4', 'Guraná Lata', '4.5', false);
 INSERT INTO tb_produto (id_produto, nome, preco, pizza) VALUES ('35990c12-c08f-11e9-9cb5-2a2ae2dbcce4', 'Pizza', '0', true);


--- tamanhos ---

INSERT INTO tb_tamanho (id_tamanho, nome, centimetros, numero_fatias, numero_maximo_sabores,preco_padrao) VALUES ('d134a92e-889f-11e9-bc42-526af7764f64','Pequena', 25, 4, 1,17);
INSERT INTO tb_tamanho (id_tamanho, nome, centimetros, numero_fatias, numero_maximo_sabores,preco_padrao) VALUES ('d134aba4-889f-11e9-bc42-526af7764f64','Média', 30, 6, 2, 22);
INSERT INTO tb_tamanho (id_tamanho, nome, centimetros, numero_fatias, numero_maximo_sabores,preco_padrao) VALUES ('d134ace4-889f-11e9-bc42-526af7764f64','Grande', 35, 8, 3, 29);
INSERT INTO tb_tamanho (id_tamanho, nome, centimetros, numero_fatias, numero_maximo_sabores,preco_padrao) VALUES ('d134ae10-889f-11e9-bc42-526af7764f64','Gigante', 40, 12, 3, 40);

--- recheios ---

INSERT INTO tb_recheio (id_recheio, nome, eh_especial, eh_disponivel, eh_salgado) VALUES ('a5facf00-8a2e-11e9-bc42-526af7764f64', 'Abacaxi', false, true, true);
INSERT INTO tb_recheio (id_recheio, nome, eh_especial, eh_disponivel, eh_salgado) VALUES ('a5fad176-8a2e-11e9-bc42-526af7764f64', 'Alho Torrado', false, true, true);
INSERT INTO tb_recheio (id_recheio, nome, eh_especial, eh_disponivel, eh_salgado) VALUES ('a5fad2ca-8a2e-11e9-bc42-526af7764f64', 'Atum', false, true, true);
INSERT INTO tb_recheio (id_recheio, nome, eh_especial, eh_disponivel, eh_salgado) VALUES ('a5fad400-8a2e-11e9-bc42-526af7764f64', 'Azeitona', false, true, true);
INSERT INTO tb_recheio (id_recheio, nome, eh_especial, eh_disponivel, eh_salgado) VALUES ('a5fad7fc-8a2e-11e9-bc42-526af7764f64', 'Azeitonas Fatiadas', false, true, true);
INSERT INTO tb_recheio (id_recheio, nome, eh_especial, eh_disponivel, eh_salgado) VALUES ('a5fad95a-8a2e-11e9-bc42-526af7764f64', 'Bacalhau Desfiado', true, true, true);
INSERT INTO tb_recheio (id_recheio, nome, eh_especial, eh_disponivel, eh_salgado) VALUES ('a5fada86-8a2e-11e9-bc42-526af7764f64', 'Bacon', false, true, true);
INSERT INTO tb_recheio (id_recheio, nome, eh_especial, eh_disponivel, eh_salgado) VALUES ('a5fadba8-8a2e-11e9-bc42-526af7764f64', 'Banana', false, true, false);
INSERT INTO tb_recheio (id_recheio, nome, eh_especial, eh_disponivel, eh_salgado) VALUES ('a5fadcca-8a2e-11e9-bc42-526af7764f64', 'Batata Palha', false, true, true);
INSERT INTO tb_recheio (id_recheio, nome, eh_especial, eh_disponivel, eh_salgado) VALUES ('a5fade46-8a2e-11e9-bc42-526af7764f64', 'Beijinho', false, true, false);
INSERT INTO tb_recheio (id_recheio, nome, eh_especial, eh_disponivel, eh_salgado) VALUES ('a5fadf72-8a2e-11e9-bc42-526af7764f64', 'Brócolis', false, true, true);
INSERT INTO tb_recheio (id_recheio, nome, eh_especial, eh_disponivel, eh_salgado) VALUES ('a5fae332-8a2e-11e9-bc42-526af7764f64', 'Calabresa', false, true, true);
INSERT INTO tb_recheio (id_recheio, nome, eh_especial, eh_disponivel, eh_salgado) VALUES ('a5fae47c-8a2e-11e9-bc42-526af7764f64', 'Calabresa Triturada', false, true, true);
INSERT INTO tb_recheio (id_recheio, nome, eh_especial, eh_disponivel, eh_salgado) VALUES ('a5fae5b2-8a2e-11e9-bc42-526af7764f64', 'Camarão', true, true, true);
INSERT INTO tb_recheio (id_recheio, nome, eh_especial, eh_disponivel, eh_salgado) VALUES ('a5fae6d4-8a2e-11e9-bc42-526af7764f64', 'Canela', false, true, false);
INSERT INTO tb_recheio (id_recheio, nome, eh_especial, eh_disponivel, eh_salgado) VALUES ('a5fae7f6-8a2e-11e9-bc42-526af7764f64', 'Carne De Sol', false, true, true);
INSERT INTO tb_recheio (id_recheio, nome, eh_especial, eh_disponivel, eh_salgado) VALUES ('a5fae918-8a2e-11e9-bc42-526af7764f64', 'Carne Moída', false, true, true);
INSERT INTO tb_recheio (id_recheio, nome, eh_especial, eh_disponivel, eh_salgado) VALUES ('a5faea3a-8a2e-11e9-bc42-526af7764f64', 'Cebola', false, true, true);
INSERT INTO tb_recheio (id_recheio, nome, eh_especial, eh_disponivel, eh_salgado) VALUES ('a5faedbe-8a2e-11e9-bc42-526af7764f64', 'Chanpignon', false, true, true);
INSERT INTO tb_recheio (id_recheio, nome, eh_especial, eh_disponivel, eh_salgado) VALUES ('a5faef12-8a2e-11e9-bc42-526af7764f64', 'Cheddar', false, true, true);
INSERT INTO tb_recheio (id_recheio, nome, eh_especial, eh_disponivel, eh_salgado) VALUES ('a5faf03e-8a2e-11e9-bc42-526af7764f64', 'Chocolate Cremoso', false, true, false);
INSERT INTO tb_recheio (id_recheio, nome, eh_especial, eh_disponivel, eh_salgado) VALUES ('a5faf160-8a2e-11e9-bc42-526af7764f64', 'Chocolate Em Pó', false, true, false);
INSERT INTO tb_recheio (id_recheio, nome, eh_especial, eh_disponivel, eh_salgado) VALUES ('a5faf282-8a2e-11e9-bc42-526af7764f64', 'Chocolate Granulado', false, true, false);
INSERT INTO tb_recheio (id_recheio, nome, eh_especial, eh_disponivel, eh_salgado) VALUES ('a5faf3a4-8a2e-11e9-bc42-526af7764f64', 'Côco Ralado', false, true, false);
INSERT INTO tb_recheio (id_recheio, nome, eh_especial, eh_disponivel, eh_salgado) VALUES ('a5faf606-8a2e-11e9-bc42-526af7764f64', 'Cream Cheese', false, true, true);
INSERT INTO tb_recheio (id_recheio, nome, eh_especial, eh_disponivel, eh_salgado) VALUES ('a5faf9c6-8a2e-11e9-bc42-526af7764f64', 'Creme De Camarão', false, true, true);
INSERT INTO tb_recheio (id_recheio, nome, eh_especial, eh_disponivel, eh_salgado) VALUES ('a5fafb10-8a2e-11e9-bc42-526af7764f64', 'Doce De Leite', false, true, false);
INSERT INTO tb_recheio (id_recheio, nome, eh_especial, eh_disponivel, eh_salgado) VALUES ('a5fafca0-8a2e-11e9-bc42-526af7764f64', 'Ervilha', false, true, true);
INSERT INTO tb_recheio (id_recheio, nome, eh_especial, eh_disponivel, eh_salgado) VALUES ('a5fafdd6-8a2e-11e9-bc42-526af7764f64', 'Figo', false, true, true);
INSERT INTO tb_recheio (id_recheio, nome, eh_especial, eh_disponivel, eh_salgado) VALUES ('a5faff0c-8a2e-11e9-bc42-526af7764f64', 'Frango', false, true, true);
INSERT INTO tb_recheio (id_recheio, nome, eh_especial, eh_disponivel, eh_salgado) VALUES ('a5fb0038-8a2e-11e9-bc42-526af7764f64', 'Goiabada Cremosa', false, true, false);
INSERT INTO tb_recheio (id_recheio, nome, eh_especial, eh_disponivel, eh_salgado) VALUES ('a5fb0448-8a2e-11e9-bc42-526af7764f64', 'Gorgonzola', false, true, true);
INSERT INTO tb_recheio (id_recheio, nome, eh_especial, eh_disponivel, eh_salgado) VALUES ('a5fb05a6-8a2e-11e9-bc42-526af7764f64', 'Leite Condensado', false, true, false);
INSERT INTO tb_recheio (id_recheio, nome, eh_especial, eh_disponivel, eh_salgado) VALUES ('a5fb06c8-8a2e-11e9-bc42-526af7764f64', 'Lombo Fatiado', true, true, true);
INSERT INTO tb_recheio (id_recheio, nome, eh_especial, eh_disponivel, eh_salgado) VALUES ('a5fb07f4-8a2e-11e9-bc42-526af7764f64', 'Manjericão Verde', false, true, true);
INSERT INTO tb_recheio (id_recheio, nome, eh_especial, eh_disponivel, eh_salgado) VALUES ('a5fb0920-8a2e-11e9-bc42-526af7764f64', 'Milho', false, true, true);
INSERT INTO tb_recheio (id_recheio, nome, eh_especial, eh_disponivel, eh_salgado) VALUES ('a5fb0a60-8a2e-11e9-bc42-526af7764f64', 'Molho', false, true, true);
INSERT INTO tb_recheio (id_recheio, nome, eh_especial, eh_disponivel, eh_salgado) VALUES ('a5fb0b8c-8a2e-11e9-bc42-526af7764f64', 'Mussarela', false, true, true);
INSERT INTO tb_recheio (id_recheio, nome, eh_especial, eh_disponivel, eh_salgado) VALUES ('a5fb0ee8-8a2e-11e9-bc42-526af7764f64', 'Orégano', false, true, true);
INSERT INTO tb_recheio (id_recheio, nome, eh_especial, eh_disponivel, eh_salgado) VALUES ('a5fb1028-8a2e-11e9-bc42-526af7764f64', 'Ovos', false, true, true);
INSERT INTO tb_recheio (id_recheio, nome, eh_especial, eh_disponivel, eh_salgado) VALUES ('a5fb115e-8a2e-11e9-bc42-526af7764f64', 'Palmito', false, true, true);
INSERT INTO tb_recheio (id_recheio, nome, eh_especial, eh_disponivel, eh_salgado) VALUES ('a5fb1280-8a2e-11e9-bc42-526af7764f64', 'Parmesão', false, true, true);
INSERT INTO tb_recheio (id_recheio, nome, eh_especial, eh_disponivel, eh_salgado) VALUES ('a5fb13a2-8a2e-11e9-bc42-526af7764f64', 'Peito De Peru', true, true, true);
INSERT INTO tb_recheio (id_recheio, nome, eh_especial, eh_disponivel, eh_salgado) VALUES ('a5fb179e-8a2e-11e9-bc42-526af7764f64', 'Peperoni', true, true, true);
INSERT INTO tb_recheio (id_recheio, nome, eh_especial, eh_disponivel, eh_salgado) VALUES ('a5fb18f2-8a2e-11e9-bc42-526af7764f64', 'Pêssego', false, true, true);
INSERT INTO tb_recheio (id_recheio, nome, eh_especial, eh_disponivel, eh_salgado) VALUES ('a5fb1a14-8a2e-11e9-bc42-526af7764f64', 'Pimentão', false, true, true);
INSERT INTO tb_recheio (id_recheio, nome, eh_especial, eh_disponivel, eh_salgado) VALUES ('a5fb1b36-8a2e-11e9-bc42-526af7764f64', 'Presunto', false, true, true);
INSERT INTO tb_recheio (id_recheio, nome, eh_especial, eh_disponivel, eh_salgado) VALUES ('a5fb1c4e-8a2e-11e9-bc42-526af7764f64', 'Provolone', false, true, true);
INSERT INTO tb_recheio (id_recheio, nome, eh_especial, eh_disponivel, eh_salgado) VALUES ('a5fb1e4c-8a2e-11e9-bc42-526af7764f64', 'Requeijão', false, true, true);
INSERT INTO tb_recheio (id_recheio, nome, eh_especial, eh_disponivel, eh_salgado) VALUES ('a5fb1fb4-8a2e-11e9-bc42-526af7764f64', 'Rúcula', false, true, true);
INSERT INTO tb_recheio (id_recheio, nome, eh_especial, eh_disponivel, eh_salgado) VALUES ('a5fb2342-8a2e-11e9-bc42-526af7764f64', 'Salsicha', false, true, true);
INSERT INTO tb_recheio (id_recheio, nome, eh_especial, eh_disponivel, eh_salgado) VALUES ('a5fb248c-8a2e-11e9-bc42-526af7764f64', 'Tiras De Filé', true, true, true);
INSERT INTO tb_recheio (id_recheio, nome, eh_especial, eh_disponivel, eh_salgado) VALUES ('a5fb25b8-8a2e-11e9-bc42-526af7764f64', 'Tomate', false, true, true);
INSERT INTO tb_recheio (id_recheio, nome, eh_especial, eh_disponivel, eh_salgado) VALUES ('a5fb26da-8a2e-11e9-bc42-526af7764f64', 'Tomate Seco', false, true, true);

--- sabor ---

INSERT INTO tb_sabor (id_sabor, nome, eh_especial, eh_disponivel, eh_salgado) VALUES ('39fa817e-a824-11e9-a2a3-2a2ae2dbcce4', '3 Queijos', FALSE, TRUE, TRUE);
INSERT INTO tb_sabor (id_sabor, nome, eh_especial, eh_disponivel, eh_salgado) VALUES ('39fa8476-a824-11e9-a2a3-2a2ae2dbcce4', '4 Queijos', FALSE, TRUE, TRUE);
INSERT INTO tb_sabor (id_sabor, nome, eh_especial, eh_disponivel, eh_salgado) VALUES ('39fa85fc-a824-11e9-a2a3-2a2ae2dbcce4', 'Alho E Óleo', FALSE, TRUE, TRUE);
INSERT INTO tb_sabor (id_sabor, nome, eh_especial, eh_disponivel, eh_salgado) VALUES ('39fa875a-a824-11e9-a2a3-2a2ae2dbcce4', 'Americana', FALSE, TRUE, TRUE);
INSERT INTO tb_sabor (id_sabor, nome, eh_especial, eh_disponivel, eh_salgado) VALUES ('39fa889a-a824-11e9-a2a3-2a2ae2dbcce4', 'Atum', FALSE, TRUE, TRUE);
INSERT INTO tb_sabor (id_sabor, nome, eh_especial, eh_disponivel, eh_salgado) VALUES ('39fa89c6-a824-11e9-a2a3-2a2ae2dbcce4', 'Atum Palmito', FALSE, TRUE, TRUE);
INSERT INTO tb_sabor (id_sabor, nome, eh_especial, eh_disponivel, eh_salgado) VALUES ('39fa8afc-a824-11e9-a2a3-2a2ae2dbcce4', 'Atumchedar', FALSE, TRUE, TRUE);
INSERT INTO tb_sabor (id_sabor, nome, eh_especial, eh_disponivel, eh_salgado) VALUES ('39fa8e58-a824-11e9-a2a3-2a2ae2dbcce4', 'Atumcheese', FALSE, TRUE, TRUE);
INSERT INTO tb_sabor (id_sabor, nome, eh_especial, eh_disponivel, eh_salgado) VALUES ('39fa8fc0-a824-11e9-a2a3-2a2ae2dbcce4', 'Atumpiry', FALSE, TRUE, TRUE);
INSERT INTO tb_sabor (id_sabor, nome, eh_especial, eh_disponivel, eh_salgado) VALUES ('39fa90f6-a824-11e9-a2a3-2a2ae2dbcce4', 'Azeitonada', FALSE, TRUE, TRUE);
INSERT INTO tb_sabor (id_sabor, nome, eh_especial, eh_disponivel, eh_salgado) VALUES ('39fa9222-a824-11e9-a2a3-2a2ae2dbcce4', 'Bacalhau', TRUE, TRUE, TRUE);
INSERT INTO tb_sabor (id_sabor, nome, eh_especial, eh_disponivel, eh_salgado) VALUES ('39fa9344-a824-11e9-a2a3-2a2ae2dbcce4', 'Bacalhau Acebolado', TRUE, TRUE, TRUE);
INSERT INTO tb_sabor (id_sabor, nome, eh_especial, eh_disponivel, eh_salgado) VALUES ('39fa9470-a824-11e9-a2a3-2a2ae2dbcce4', 'Bacompiry', FALSE, TRUE, TRUE);
INSERT INTO tb_sabor (id_sabor, nome, eh_especial, eh_disponivel, eh_salgado) VALUES ('39fa9592-a824-11e9-a2a3-2a2ae2dbcce4', 'Bacon', FALSE, TRUE, TRUE);
INSERT INTO tb_sabor (id_sabor, nome, eh_especial, eh_disponivel, eh_salgado) VALUES ('39fa99ac-a824-11e9-a2a3-2a2ae2dbcce4', 'Baconsalada', FALSE, TRUE, TRUE);
INSERT INTO tb_sabor (id_sabor, nome, eh_especial, eh_disponivel, eh_salgado) VALUES ('39fa9b00-a824-11e9-a2a3-2a2ae2dbcce4', 'Baiana', FALSE, TRUE, TRUE);
INSERT INTO tb_sabor (id_sabor, nome, eh_especial, eh_disponivel, eh_salgado) VALUES ('39fa9c36-a824-11e9-a2a3-2a2ae2dbcce4', 'Banana', FALSE, TRUE, FALSE);
INSERT INTO tb_sabor (id_sabor, nome, eh_especial, eh_disponivel, eh_salgado) VALUES ('39fa9d62-a824-11e9-a2a3-2a2ae2dbcce4', 'Banana Com Chocolate', FALSE, TRUE, FALSE);
INSERT INTO tb_sabor (id_sabor, nome, eh_especial, eh_disponivel, eh_salgado) VALUES ('39fa9e8e-a824-11e9-a2a3-2a2ae2dbcce4', 'Batata Palha', FALSE, TRUE, TRUE);
INSERT INTO tb_sabor (id_sabor, nome, eh_especial, eh_disponivel, eh_salgado) VALUES ('39fa9fc4-a824-11e9-a2a3-2a2ae2dbcce4', 'Beijinho', FALSE, TRUE, FALSE);
INSERT INTO tb_sabor (id_sabor, nome, eh_especial, eh_disponivel, eh_salgado) VALUES ('39faa2da-a824-11e9-a2a3-2a2ae2dbcce4', 'Bolonhesa', FALSE, TRUE, TRUE);
INSERT INTO tb_sabor (id_sabor, nome, eh_especial, eh_disponivel, eh_salgado) VALUES ('39faa442-a824-11e9-a2a3-2a2ae2dbcce4', 'Brasileira', FALSE, TRUE, TRUE);
INSERT INTO tb_sabor (id_sabor, nome, eh_especial, eh_disponivel, eh_salgado) VALUES ('39faa578-a824-11e9-a2a3-2a2ae2dbcce4', 'Brigadeiro', FALSE, TRUE, FALSE);
INSERT INTO tb_sabor (id_sabor, nome, eh_especial, eh_disponivel, eh_salgado) VALUES ('39faa6a4-a824-11e9-a2a3-2a2ae2dbcce4', 'Brócolis', FALSE, TRUE, TRUE);
INSERT INTO tb_sabor (id_sabor, nome, eh_especial, eh_disponivel, eh_salgado) VALUES ('39faa7c6-a824-11e9-a2a3-2a2ae2dbcce4', 'Cabrelone', FALSE, TRUE, TRUE);
INSERT INTO tb_sabor (id_sabor, nome, eh_especial, eh_disponivel, eh_salgado) VALUES ('39faa8fc-a824-11e9-a2a3-2a2ae2dbcce4', 'Cabrezola', FALSE, TRUE, TRUE);
INSERT INTO tb_sabor (id_sabor, nome, eh_especial, eh_disponivel, eh_salgado) VALUES ('39faaabe-a824-11e9-a2a3-2a2ae2dbcce4', 'Calabresa Acebolada', FALSE, TRUE, TRUE);
INSERT INTO tb_sabor (id_sabor, nome, eh_especial, eh_disponivel, eh_salgado) VALUES ('39faae06-a824-11e9-a2a3-2a2ae2dbcce4', 'Calabresa Especial', FALSE, TRUE, TRUE);
INSERT INTO tb_sabor (id_sabor, nome, eh_especial, eh_disponivel, eh_salgado) VALUES ('39faaf64-a824-11e9-a2a3-2a2ae2dbcce4', 'Calapiry', FALSE, TRUE, TRUE);
INSERT INTO tb_sabor (id_sabor, nome, eh_especial, eh_disponivel, eh_salgado) VALUES ('39fab09a-a824-11e9-a2a3-2a2ae2dbcce4', 'Califórnia', FALSE, TRUE, TRUE);
INSERT INTO tb_sabor (id_sabor, nome, eh_especial, eh_disponivel, eh_salgado) VALUES ('39fab1c6-a824-11e9-a2a3-2a2ae2dbcce4', 'Camarão Acebolado', TRUE, TRUE, TRUE);
INSERT INTO tb_sabor (id_sabor, nome, eh_especial, eh_disponivel, eh_salgado) VALUES ('39fab2fc-a824-11e9-a2a3-2a2ae2dbcce4', 'Camarão Alho E Oleo', TRUE, TRUE, TRUE);
INSERT INTO tb_sabor (id_sabor, nome, eh_especial, eh_disponivel, eh_salgado) VALUES ('39fab428-a824-11e9-a2a3-2a2ae2dbcce4', 'Camarão Ao Creme', TRUE, TRUE, TRUE);
INSERT INTO tb_sabor (id_sabor, nome, eh_especial, eh_disponivel, eh_salgado) VALUES ('39fab554-a824-11e9-a2a3-2a2ae2dbcce4', 'Camarão Catupiry', TRUE, TRUE, TRUE);
INSERT INTO tb_sabor (id_sabor, nome, eh_especial, eh_disponivel, eh_salgado) VALUES ('39fab89c-a824-11e9-a2a3-2a2ae2dbcce4', 'Cartola', FALSE, TRUE, FALSE);
INSERT INTO tb_sabor (id_sabor, nome, eh_especial, eh_disponivel, eh_salgado) VALUES ('39fab9fa-a824-11e9-a2a3-2a2ae2dbcce4', 'Champignon', FALSE, TRUE, TRUE);
INSERT INTO tb_sabor (id_sabor, nome, eh_especial, eh_disponivel, eh_salgado) VALUES ('39fabb26-a824-11e9-a2a3-2a2ae2dbcce4', 'Chocolate', FALSE, TRUE, FALSE);
INSERT INTO tb_sabor (id_sabor, nome, eh_especial, eh_disponivel, eh_salgado) VALUES ('39fabc48-a824-11e9-a2a3-2a2ae2dbcce4', 'Completa', FALSE, TRUE, TRUE);
INSERT INTO tb_sabor (id_sabor, nome, eh_especial, eh_disponivel, eh_salgado) VALUES ('39fabd7e-a824-11e9-a2a3-2a2ae2dbcce4', 'Do Noberto', TRUE, TRUE, TRUE);
INSERT INTO tb_sabor (id_sabor, nome, eh_especial, eh_disponivel, eh_salgado) VALUES ('39fabeaa-a824-11e9-a2a3-2a2ae2dbcce4', 'Doce De Leite', FALSE, TRUE, FALSE);
INSERT INTO tb_sabor (id_sabor, nome, eh_especial, eh_disponivel, eh_salgado) VALUES ('39fac1d4-a824-11e9-a2a3-2a2ae2dbcce4', 'Filezinho', TRUE, TRUE, TRUE);
INSERT INTO tb_sabor (id_sabor, nome, eh_especial, eh_disponivel, eh_salgado) VALUES ('39fac328-a824-11e9-a2a3-2a2ae2dbcce4', 'Filezinho Catupiry', TRUE, TRUE, TRUE);
INSERT INTO tb_sabor (id_sabor, nome, eh_especial, eh_disponivel, eh_salgado) VALUES ('39fac472-a824-11e9-a2a3-2a2ae2dbcce4', 'Filezinho Cheedar', TRUE, TRUE, TRUE);
INSERT INTO tb_sabor (id_sabor, nome, eh_especial, eh_disponivel, eh_salgado) VALUES ('39fac5a8-a824-11e9-a2a3-2a2ae2dbcce4', 'Filezinho Tropical', TRUE, TRUE, TRUE);
INSERT INTO tb_sabor (id_sabor, nome, eh_especial, eh_disponivel, eh_salgado) VALUES ('39fac6d4-a824-11e9-a2a3-2a2ae2dbcce4', 'Frampalmito', FALSE, TRUE, TRUE);
INSERT INTO tb_sabor (id_sabor, nome, eh_especial, eh_disponivel, eh_salgado) VALUES ('39fac800-a824-11e9-a2a3-2a2ae2dbcce4', 'Frampiry', FALSE, TRUE, TRUE);
INSERT INTO tb_sabor (id_sabor, nome, eh_especial, eh_disponivel, eh_salgado) VALUES ('39fac92c-a824-11e9-a2a3-2a2ae2dbcce4', 'Franbacon', FALSE, TRUE, TRUE);
INSERT INTO tb_sabor (id_sabor, nome, eh_especial, eh_disponivel, eh_salgado) VALUES ('39facc88-a824-11e9-a2a3-2a2ae2dbcce4', 'Francalabresa', FALSE, TRUE, TRUE);
INSERT INTO tb_sabor (id_sabor, nome, eh_especial, eh_disponivel, eh_salgado) VALUES ('39facdf0-a824-11e9-a2a3-2a2ae2dbcce4', 'Frango', FALSE, TRUE, TRUE);
INSERT INTO tb_sabor (id_sabor, nome, eh_especial, eh_disponivel, eh_salgado) VALUES ('39facf1c-a824-11e9-a2a3-2a2ae2dbcce4', 'Hot Dog', FALSE, TRUE, TRUE);
INSERT INTO tb_sabor (id_sabor, nome, eh_especial, eh_disponivel, eh_salgado) VALUES ('39fad124-a824-11e9-a2a3-2a2ae2dbcce4', 'Jardineira', FALSE, TRUE, TRUE);
INSERT INTO tb_sabor (id_sabor, nome, eh_especial, eh_disponivel, eh_salgado) VALUES ('39fad2a0-a824-11e9-a2a3-2a2ae2dbcce4', 'Lombo Acebolado', TRUE, TRUE, TRUE);
INSERT INTO tb_sabor (id_sabor, nome, eh_especial, eh_disponivel, eh_salgado) VALUES ('39fad3d6-a824-11e9-a2a3-2a2ae2dbcce4', 'Lombo Catupiry', TRUE, TRUE, TRUE);
INSERT INTO tb_sabor (id_sabor, nome, eh_especial, eh_disponivel, eh_salgado) VALUES ('39fad502-a824-11e9-a2a3-2a2ae2dbcce4', 'Lombo Cheedar', TRUE, TRUE, TRUE);
INSERT INTO tb_sabor (id_sabor, nome, eh_especial, eh_disponivel, eh_salgado) VALUES ('39fad836-a824-11e9-a2a3-2a2ae2dbcce4', 'Marguerita', FALSE, TRUE, TRUE);
INSERT INTO tb_sabor (id_sabor, nome, eh_especial, eh_disponivel, eh_salgado) VALUES ('39fad994-a824-11e9-a2a3-2a2ae2dbcce4', 'Milho', FALSE, TRUE, TRUE);
INSERT INTO tb_sabor (id_sabor, nome, eh_especial, eh_disponivel, eh_salgado) VALUES ('39fadaca-a824-11e9-a2a3-2a2ae2dbcce4', 'Mista', FALSE, TRUE, TRUE);
INSERT INTO tb_sabor (id_sabor, nome, eh_especial, eh_disponivel, eh_salgado) VALUES ('39fadc00-a824-11e9-a2a3-2a2ae2dbcce4', 'Moda', FALSE, TRUE, TRUE);
INSERT INTO tb_sabor (id_sabor, nome, eh_especial, eh_disponivel, eh_salgado) VALUES ('39fadd2c-a824-11e9-a2a3-2a2ae2dbcce4', 'Mussarela', FALSE, TRUE, TRUE);
INSERT INTO tb_sabor (id_sabor, nome, eh_especial, eh_disponivel, eh_salgado) VALUES ('39fade58-a824-11e9-a2a3-2a2ae2dbcce4', 'Mussarela Especial', FALSE, TRUE, TRUE);
INSERT INTO tb_sabor (id_sabor, nome, eh_especial, eh_disponivel, eh_salgado) VALUES ('39fae1be-a824-11e9-a2a3-2a2ae2dbcce4', 'Napolitana', FALSE, TRUE, TRUE);
INSERT INTO tb_sabor (id_sabor, nome, eh_especial, eh_disponivel, eh_salgado) VALUES ('39fae312-a824-11e9-a2a3-2a2ae2dbcce4', 'Palermo', FALSE, TRUE, TRUE);
INSERT INTO tb_sabor (id_sabor, nome, eh_especial, eh_disponivel, eh_salgado) VALUES ('39fae43e-a824-11e9-a2a3-2a2ae2dbcce4', 'Palmito', FALSE, TRUE, TRUE);
INSERT INTO tb_sabor (id_sabor, nome, eh_especial, eh_disponivel, eh_salgado) VALUES ('39fae56a-a824-11e9-a2a3-2a2ae2dbcce4', 'Peito De Peru Acebolado', TRUE, TRUE, TRUE);
INSERT INTO tb_sabor (id_sabor, nome, eh_especial, eh_disponivel, eh_salgado) VALUES ('39fae6a0-a824-11e9-a2a3-2a2ae2dbcce4', 'Peito De Peru C/Cheddar', TRUE, TRUE, TRUE);
INSERT INTO tb_sabor (id_sabor, nome, eh_especial, eh_disponivel, eh_salgado) VALUES ('39fae7d6-a824-11e9-a2a3-2a2ae2dbcce4', 'Peito De Peru Defumado', TRUE, TRUE, TRUE);
INSERT INTO tb_sabor (id_sabor, nome, eh_especial, eh_disponivel, eh_salgado) VALUES ('39fae9b6-a824-11e9-a2a3-2a2ae2dbcce4', 'Peperoni', TRUE, TRUE, TRUE);
INSERT INTO tb_sabor (id_sabor, nome, eh_especial, eh_disponivel, eh_salgado) VALUES ('39faec9a-a824-11e9-a2a3-2a2ae2dbcce4', 'Portuguesa', FALSE, TRUE, TRUE);
INSERT INTO tb_sabor (id_sabor, nome, eh_especial, eh_disponivel, eh_salgado) VALUES ('39faede4-a824-11e9-a2a3-2a2ae2dbcce4', 'Portuguesa Especial', FALSE, TRUE, TRUE);
INSERT INTO tb_sabor (id_sabor, nome, eh_especial, eh_disponivel, eh_salgado) VALUES ('39faef10-a824-11e9-a2a3-2a2ae2dbcce4', 'Prestigio', FALSE, TRUE, FALSE);
INSERT INTO tb_sabor (id_sabor, nome, eh_especial, eh_disponivel, eh_salgado) VALUES ('39faf0c8-a824-11e9-a2a3-2a2ae2dbcce4', 'Presunto', FALSE, TRUE, TRUE);
INSERT INTO tb_sabor (id_sabor, nome, eh_especial, eh_disponivel, eh_salgado) VALUES ('39faf208-a824-11e9-a2a3-2a2ae2dbcce4', 'Provolone', FALSE, TRUE, TRUE);
INSERT INTO tb_sabor (id_sabor, nome, eh_especial, eh_disponivel, eh_salgado) VALUES ('39faf334-a824-11e9-a2a3-2a2ae2dbcce4', 'Romeu E Julieta', FALSE, TRUE, FALSE);
INSERT INTO tb_sabor (id_sabor, nome, eh_especial, eh_disponivel, eh_salgado) VALUES ('39faf460-a824-11e9-a2a3-2a2ae2dbcce4', 'Rondelle De Presunto', TRUE, TRUE, TRUE);
INSERT INTO tb_sabor (id_sabor, nome, eh_especial, eh_disponivel, eh_salgado) VALUES ('39faf73a-a824-11e9-a2a3-2a2ae2dbcce4', 'Sertão', FALSE, TRUE, TRUE);
INSERT INTO tb_sabor (id_sabor, nome, eh_especial, eh_disponivel, eh_salgado) VALUES ('39faf924-a824-11e9-a2a3-2a2ae2dbcce4', 'Siciliana', FALSE, TRUE, TRUE);
INSERT INTO tb_sabor (id_sabor, nome, eh_especial, eh_disponivel, eh_salgado) VALUES ('39fafa64-a824-11e9-a2a3-2a2ae2dbcce4', 'Solpiry', FALSE, TRUE, TRUE);
INSERT INTO tb_sabor (id_sabor, nome, eh_especial, eh_disponivel, eh_salgado) VALUES ('39fafb90-a824-11e9-a2a3-2a2ae2dbcce4', 'Tomate Seco', FALSE, TRUE, TRUE);
INSERT INTO tb_sabor (id_sabor, nome, eh_especial, eh_disponivel, eh_salgado) VALUES ('39fafcbc-a824-11e9-a2a3-2a2ae2dbcce4', 'Tomatelle', FALSE, TRUE, TRUE);
INSERT INTO tb_sabor (id_sabor, nome, eh_especial, eh_disponivel, eh_salgado) VALUES ('39fb000e-a824-11e9-a2a3-2a2ae2dbcce4', 'Toscana', FALSE, TRUE, TRUE);
INSERT INTO tb_sabor (id_sabor, nome, eh_especial, eh_disponivel, eh_salgado) VALUES ('39fb0158-a824-11e9-a2a3-2a2ae2dbcce4', 'Vegetariana', FALSE, TRUE, TRUE);
INSERT INTO tb_sabor (id_sabor, nome, eh_especial, eh_disponivel, eh_salgado) VALUES ('39fb0284-a824-11e9-a2a3-2a2ae2dbcce4', 'Vegetariana Especial', FALSE, TRUE, TRUE);

--- recheio do sabor ---

INSERT INTO tb_sabor_ordem_recheio (id_sor, ID_SABOR_ORDEM_SABOR, ID_RECHEIO_ORDEM_SABOR, posicao) VALUES ('6716cf8c-a829-11e9-a2a3-2a2ae2dbcce4','39fa817e-a824-11e9-a2a3-2a2ae2dbcce4', 'a5fb0a60-8a2e-11e9-bc42-526af7764f64', 1)
,('6716d234-a829-11e9-a2a3-2a2ae2dbcce4','39fa817e-a824-11e9-a2a3-2a2ae2dbcce4', 'a5fb0b8c-8a2e-11e9-bc42-526af7764f64', 2)
,('6716d392-a829-11e9-a2a3-2a2ae2dbcce4','39fa817e-a824-11e9-a2a3-2a2ae2dbcce4', 'a5fb1c4e-8a2e-11e9-bc42-526af7764f64', 3)
,('6716d8d8-a829-11e9-a2a3-2a2ae2dbcce4','39fa817e-a824-11e9-a2a3-2a2ae2dbcce4', 'a5faef12-8a2e-11e9-bc42-526af7764f64', 4)
,('6716da54-a829-11e9-a2a3-2a2ae2dbcce4','39fa817e-a824-11e9-a2a3-2a2ae2dbcce4', 'a5fad400-8a2e-11e9-bc42-526af7764f64', 5)
,('6716db9e-a829-11e9-a2a3-2a2ae2dbcce4','39fa817e-a824-11e9-a2a3-2a2ae2dbcce4', 'a5fb0ee8-8a2e-11e9-bc42-526af7764f64', 6)
,('6716dcd4-a829-11e9-a2a3-2a2ae2dbcce4','39fa8476-a824-11e9-a2a3-2a2ae2dbcce4', 'a5fb0a60-8a2e-11e9-bc42-526af7764f64', 1)
,('6716de00-a829-11e9-a2a3-2a2ae2dbcce4','39fa8476-a824-11e9-a2a3-2a2ae2dbcce4', 'a5fb0b8c-8a2e-11e9-bc42-526af7764f64', 2)
,('6716df2c-a829-11e9-a2a3-2a2ae2dbcce4','39fa8476-a824-11e9-a2a3-2a2ae2dbcce4', 'a5fb1c4e-8a2e-11e9-bc42-526af7764f64', 3)
,('6716e058-a829-11e9-a2a3-2a2ae2dbcce4','39fa8476-a824-11e9-a2a3-2a2ae2dbcce4', 'a5fb0448-8a2e-11e9-bc42-526af7764f64', 4)
,('6716e44a-a829-11e9-a2a3-2a2ae2dbcce4','39fa8476-a824-11e9-a2a3-2a2ae2dbcce4', 'a5fb1c4e-8a2e-11e9-bc42-526af7764f64', 5)
,('6716e5a8-a829-11e9-a2a3-2a2ae2dbcce4','39fa8476-a824-11e9-a2a3-2a2ae2dbcce4', 'a5fad400-8a2e-11e9-bc42-526af7764f64', 6)
,('6716e6d4-a829-11e9-a2a3-2a2ae2dbcce4','39fa8476-a824-11e9-a2a3-2a2ae2dbcce4', 'a5fb0ee8-8a2e-11e9-bc42-526af7764f64', 7)
,('6716e7f6-a829-11e9-a2a3-2a2ae2dbcce4','39fa85fc-a824-11e9-a2a3-2a2ae2dbcce4', 'a5fb0a60-8a2e-11e9-bc42-526af7764f64', 1)
,('6716e922-a829-11e9-a2a3-2a2ae2dbcce4','39fa85fc-a824-11e9-a2a3-2a2ae2dbcce4', 'a5fb0b8c-8a2e-11e9-bc42-526af7764f64', 2)
,('6716ea44-a829-11e9-a2a3-2a2ae2dbcce4','39fa85fc-a824-11e9-a2a3-2a2ae2dbcce4', 'a5fad176-8a2e-11e9-bc42-526af7764f64', 3)
,('6716edd2-a829-11e9-a2a3-2a2ae2dbcce4','39fa85fc-a824-11e9-a2a3-2a2ae2dbcce4', 'a5fad400-8a2e-11e9-bc42-526af7764f64', 4)
,('6716ef30-a829-11e9-a2a3-2a2ae2dbcce4','39fa85fc-a824-11e9-a2a3-2a2ae2dbcce4', 'a5fb0ee8-8a2e-11e9-bc42-526af7764f64', 5)
,('6716f05c-a829-11e9-a2a3-2a2ae2dbcce4','39fa875a-a824-11e9-a2a3-2a2ae2dbcce4', 'a5fb0a60-8a2e-11e9-bc42-526af7764f64', 1)
,('6716f17e-a829-11e9-a2a3-2a2ae2dbcce4','39fa875a-a824-11e9-a2a3-2a2ae2dbcce4', 'a5fb0b8c-8a2e-11e9-bc42-526af7764f64', 2)
,('6716f2a0-a829-11e9-a2a3-2a2ae2dbcce4','39fa875a-a824-11e9-a2a3-2a2ae2dbcce4', 'a5fb1b36-8a2e-11e9-bc42-526af7764f64', 3)
,('6716f3cc-a829-11e9-a2a3-2a2ae2dbcce4','39fa875a-a824-11e9-a2a3-2a2ae2dbcce4', 'a5fada86-8a2e-11e9-bc42-526af7764f64', 4)
,('6716f7dc-a829-11e9-a2a3-2a2ae2dbcce4','39fa875a-a824-11e9-a2a3-2a2ae2dbcce4', 'a5fad400-8a2e-11e9-bc42-526af7764f64', 5)
,('6716f930-a829-11e9-a2a3-2a2ae2dbcce4','39fa875a-a824-11e9-a2a3-2a2ae2dbcce4', 'a5fb0ee8-8a2e-11e9-bc42-526af7764f64', 6)
,('6716fa5c-a829-11e9-a2a3-2a2ae2dbcce4','39fa889a-a824-11e9-a2a3-2a2ae2dbcce4', 'a5fb0a60-8a2e-11e9-bc42-526af7764f64', 1)
,('6716fb88-a829-11e9-a2a3-2a2ae2dbcce4','39fa889a-a824-11e9-a2a3-2a2ae2dbcce4', 'a5fb0b8c-8a2e-11e9-bc42-526af7764f64', 2)
,('6716fcb4-a829-11e9-a2a3-2a2ae2dbcce4','39fa889a-a824-11e9-a2a3-2a2ae2dbcce4', 'a5fad2ca-8a2e-11e9-bc42-526af7764f64', 3)
,('6716fe80-a829-11e9-a2a3-2a2ae2dbcce4','39fa889a-a824-11e9-a2a3-2a2ae2dbcce4', 'a5fb26da-8a2e-11e9-bc42-526af7764f64', 4)
,('67170272-a829-11e9-a2a3-2a2ae2dbcce4','39fa889a-a824-11e9-a2a3-2a2ae2dbcce4', 'a5fad400-8a2e-11e9-bc42-526af7764f64', 5)
,('671703c6-a829-11e9-a2a3-2a2ae2dbcce4','39fa889a-a824-11e9-a2a3-2a2ae2dbcce4', 'a5fb0ee8-8a2e-11e9-bc42-526af7764f64', 6)
,('67170506-a829-11e9-a2a3-2a2ae2dbcce4','39fa89c6-a824-11e9-a2a3-2a2ae2dbcce4', 'a5fb0a60-8a2e-11e9-bc42-526af7764f64', 1)
,('6717063c-a829-11e9-a2a3-2a2ae2dbcce4','39fa89c6-a824-11e9-a2a3-2a2ae2dbcce4', 'a5fb0b8c-8a2e-11e9-bc42-526af7764f64', 2)
,('67170768-a829-11e9-a2a3-2a2ae2dbcce4','39fa89c6-a824-11e9-a2a3-2a2ae2dbcce4', 'a5fad2ca-8a2e-11e9-bc42-526af7764f64', 3)
,('6717088a-a829-11e9-a2a3-2a2ae2dbcce4','39fa89c6-a824-11e9-a2a3-2a2ae2dbcce4', 'a5fb115e-8a2e-11e9-bc42-526af7764f64', 4)
,('67170c54-a829-11e9-a2a3-2a2ae2dbcce4','39fa89c6-a824-11e9-a2a3-2a2ae2dbcce4', 'a5fb26da-8a2e-11e9-bc42-526af7764f64', 5)
,('67170da8-a829-11e9-a2a3-2a2ae2dbcce4','39fa89c6-a824-11e9-a2a3-2a2ae2dbcce4', 'a5fad400-8a2e-11e9-bc42-526af7764f64', 6)
,('67170ede-a829-11e9-a2a3-2a2ae2dbcce4','39fa89c6-a824-11e9-a2a3-2a2ae2dbcce4', 'a5fb0b8c-8a2e-11e9-bc42-526af7764f64', 7)
,('6717100a-a829-11e9-a2a3-2a2ae2dbcce4','39fa8afc-a824-11e9-a2a3-2a2ae2dbcce4', 'a5fb0a60-8a2e-11e9-bc42-526af7764f64', 1)
,('67171140-a829-11e9-a2a3-2a2ae2dbcce4','39fa8afc-a824-11e9-a2a3-2a2ae2dbcce4', 'a5fb0b8c-8a2e-11e9-bc42-526af7764f64', 2)
,('6717126c-a829-11e9-a2a3-2a2ae2dbcce4','39fa8afc-a824-11e9-a2a3-2a2ae2dbcce4', 'a5fad2ca-8a2e-11e9-bc42-526af7764f64', 3)
,('67171398-a829-11e9-a2a3-2a2ae2dbcce4','39fa8afc-a824-11e9-a2a3-2a2ae2dbcce4', 'a5fb0920-8a2e-11e9-bc42-526af7764f64', 4)
,('67171708-a829-11e9-a2a3-2a2ae2dbcce4','39fa8afc-a824-11e9-a2a3-2a2ae2dbcce4', 'a5fafca0-8a2e-11e9-bc42-526af7764f64', 5)
,('6717183e-a829-11e9-a2a3-2a2ae2dbcce4','39fa8afc-a824-11e9-a2a3-2a2ae2dbcce4', 'a5faef12-8a2e-11e9-bc42-526af7764f64', 6)
,('6717196a-a829-11e9-a2a3-2a2ae2dbcce4','39fa8afc-a824-11e9-a2a3-2a2ae2dbcce4', 'a5fad400-8a2e-11e9-bc42-526af7764f64', 7)
,('67171a8c-a829-11e9-a2a3-2a2ae2dbcce4','39fa8afc-a824-11e9-a2a3-2a2ae2dbcce4', 'a5fb0b8c-8a2e-11e9-bc42-526af7764f64', 8)
,('67171bb8-a829-11e9-a2a3-2a2ae2dbcce4','39fa8e58-a824-11e9-a2a3-2a2ae2dbcce4', 'a5fb0a60-8a2e-11e9-bc42-526af7764f64', 1)
,('67171ce4-a829-11e9-a2a3-2a2ae2dbcce4','39fa8e58-a824-11e9-a2a3-2a2ae2dbcce4', 'a5fb0b8c-8a2e-11e9-bc42-526af7764f64', 2)
,('6717204a-a829-11e9-a2a3-2a2ae2dbcce4','39fa8e58-a824-11e9-a2a3-2a2ae2dbcce4', 'a5fad2ca-8a2e-11e9-bc42-526af7764f64', 3)
,('67172194-a829-11e9-a2a3-2a2ae2dbcce4','39fa8e58-a824-11e9-a2a3-2a2ae2dbcce4', 'a5fb0920-8a2e-11e9-bc42-526af7764f64', 4)
,('671722ca-a829-11e9-a2a3-2a2ae2dbcce4','39fa8e58-a824-11e9-a2a3-2a2ae2dbcce4', 'a5fafca0-8a2e-11e9-bc42-526af7764f64', 5)
,('6717246e-a829-11e9-a2a3-2a2ae2dbcce4','39fa8e58-a824-11e9-a2a3-2a2ae2dbcce4', 'a5faf606-8a2e-11e9-bc42-526af7764f64', 6)
,('671725cc-a829-11e9-a2a3-2a2ae2dbcce4','39fa8e58-a824-11e9-a2a3-2a2ae2dbcce4', 'a5fad400-8a2e-11e9-bc42-526af7764f64', 7)
,('671726f8-a829-11e9-a2a3-2a2ae2dbcce4','39fa8e58-a824-11e9-a2a3-2a2ae2dbcce4', 'a5fb0b8c-8a2e-11e9-bc42-526af7764f64', 8)
,('67172a90-a829-11e9-a2a3-2a2ae2dbcce4','39fa8fc0-a824-11e9-a2a3-2a2ae2dbcce4', 'a5fb0a60-8a2e-11e9-bc42-526af7764f64', 1)
,('67172be4-a829-11e9-a2a3-2a2ae2dbcce4','39fa8fc0-a824-11e9-a2a3-2a2ae2dbcce4', 'a5fb0b8c-8a2e-11e9-bc42-526af7764f64', 2)
,('67172d10-a829-11e9-a2a3-2a2ae2dbcce4','39fa8fc0-a824-11e9-a2a3-2a2ae2dbcce4', 'a5fad2ca-8a2e-11e9-bc42-526af7764f64', 3)
,('67172e3c-a829-11e9-a2a3-2a2ae2dbcce4','39fa8fc0-a824-11e9-a2a3-2a2ae2dbcce4', 'a5fb1c4e-8a2e-11e9-bc42-526af7764f64', 4)
,('67172f72-a829-11e9-a2a3-2a2ae2dbcce4','39fa90f6-a824-11e9-a2a3-2a2ae2dbcce4', 'a5fb0a60-8a2e-11e9-bc42-526af7764f64', 1)
,('67173170-a829-11e9-a2a3-2a2ae2dbcce4','39fa90f6-a824-11e9-a2a3-2a2ae2dbcce4', 'a5fb0b8c-8a2e-11e9-bc42-526af7764f64', 2)
,('671732c4-a829-11e9-a2a3-2a2ae2dbcce4','39fa90f6-a824-11e9-a2a3-2a2ae2dbcce4', 'a5fad7fc-8a2e-11e9-bc42-526af7764f64', 3)
,('671736f2-a829-11e9-a2a3-2a2ae2dbcce4','39fa90f6-a824-11e9-a2a3-2a2ae2dbcce4', 'a5fb0b8c-8a2e-11e9-bc42-526af7764f64', 4)
,('67173832-a829-11e9-a2a3-2a2ae2dbcce4','39fa9222-a824-11e9-a2a3-2a2ae2dbcce4', 'a5fb0a60-8a2e-11e9-bc42-526af7764f64', 1)
,('6717395e-a829-11e9-a2a3-2a2ae2dbcce4','39fa9222-a824-11e9-a2a3-2a2ae2dbcce4', 'a5fb0b8c-8a2e-11e9-bc42-526af7764f64', 2)
,('67173a94-a829-11e9-a2a3-2a2ae2dbcce4','39fa9222-a824-11e9-a2a3-2a2ae2dbcce4', 'a5fad95a-8a2e-11e9-bc42-526af7764f64', 3)
,('67173bc0-a829-11e9-a2a3-2a2ae2dbcce4','39fa9222-a824-11e9-a2a3-2a2ae2dbcce4', 'a5fad400-8a2e-11e9-bc42-526af7764f64', 4)
,('67173cec-a829-11e9-a2a3-2a2ae2dbcce4','39fa9222-a824-11e9-a2a3-2a2ae2dbcce4', 'a5fb0b8c-8a2e-11e9-bc42-526af7764f64', 5)
,('67174098-a829-11e9-a2a3-2a2ae2dbcce4','39fa9344-a824-11e9-a2a3-2a2ae2dbcce4', 'a5fb0a60-8a2e-11e9-bc42-526af7764f64', 1)
,('671741f6-a829-11e9-a2a3-2a2ae2dbcce4','39fa9344-a824-11e9-a2a3-2a2ae2dbcce4', 'a5fb0b8c-8a2e-11e9-bc42-526af7764f64', 2)
,('67174322-a829-11e9-a2a3-2a2ae2dbcce4','39fa9344-a824-11e9-a2a3-2a2ae2dbcce4', 'a5fad95a-8a2e-11e9-bc42-526af7764f64', 3)
,('67174458-a829-11e9-a2a3-2a2ae2dbcce4','39fa9344-a824-11e9-a2a3-2a2ae2dbcce4', 'a5faea3a-8a2e-11e9-bc42-526af7764f64', 4)
,('67174584-a829-11e9-a2a3-2a2ae2dbcce4','39fa9344-a824-11e9-a2a3-2a2ae2dbcce4', 'a5fad400-8a2e-11e9-bc42-526af7764f64', 5)
,('671746ba-a829-11e9-a2a3-2a2ae2dbcce4','39fa9344-a824-11e9-a2a3-2a2ae2dbcce4', 'a5fb0b8c-8a2e-11e9-bc42-526af7764f64', 6)
,('67174ac0-a829-11e9-a2a3-2a2ae2dbcce4','39fa9470-a824-11e9-a2a3-2a2ae2dbcce4', 'a5fb0a60-8a2e-11e9-bc42-526af7764f64', 1)
,('67174cbe-a829-11e9-a2a3-2a2ae2dbcce4','39fa9470-a824-11e9-a2a3-2a2ae2dbcce4', 'a5fb0b8c-8a2e-11e9-bc42-526af7764f64', 2)
,('67174df4-a829-11e9-a2a3-2a2ae2dbcce4','39fa9470-a824-11e9-a2a3-2a2ae2dbcce4', 'a5fada86-8a2e-11e9-bc42-526af7764f64', 3)
,('67174f20-a829-11e9-a2a3-2a2ae2dbcce4','39fa9470-a824-11e9-a2a3-2a2ae2dbcce4', 'a5fb1c4e-8a2e-11e9-bc42-526af7764f64', 4)
,('67175042-a829-11e9-a2a3-2a2ae2dbcce4','39fa9592-a824-11e9-a2a3-2a2ae2dbcce4', 'a5fb0a60-8a2e-11e9-bc42-526af7764f64', 1)
,('6717516e-a829-11e9-a2a3-2a2ae2dbcce4','39fa9592-a824-11e9-a2a3-2a2ae2dbcce4', 'a5fb0b8c-8a2e-11e9-bc42-526af7764f64', 2)
,('671752a4-a829-11e9-a2a3-2a2ae2dbcce4','39fa9592-a824-11e9-a2a3-2a2ae2dbcce4', 'a5fada86-8a2e-11e9-bc42-526af7764f64', 3)
,('67175646-a829-11e9-a2a3-2a2ae2dbcce4','39fa9592-a824-11e9-a2a3-2a2ae2dbcce4', 'a5faea3a-8a2e-11e9-bc42-526af7764f64', 4)
,('671757a4-a829-11e9-a2a3-2a2ae2dbcce4','39fa9592-a824-11e9-a2a3-2a2ae2dbcce4', 'a5fad400-8a2e-11e9-bc42-526af7764f64', 5)
,('671758da-a829-11e9-a2a3-2a2ae2dbcce4','39fa9592-a824-11e9-a2a3-2a2ae2dbcce4', 'a5fb0b8c-8a2e-11e9-bc42-526af7764f64', 6)
,('67175a06-a829-11e9-a2a3-2a2ae2dbcce4','39fa99ac-a824-11e9-a2a3-2a2ae2dbcce4', 'a5fb0a60-8a2e-11e9-bc42-526af7764f64', 1)
,('67175b28-a829-11e9-a2a3-2a2ae2dbcce4','39fa99ac-a824-11e9-a2a3-2a2ae2dbcce4', 'a5fb0b8c-8a2e-11e9-bc42-526af7764f64', 2)
,('67175c54-a829-11e9-a2a3-2a2ae2dbcce4','39fa99ac-a824-11e9-a2a3-2a2ae2dbcce4', 'a5fada86-8a2e-11e9-bc42-526af7764f64', 3)
,('67176028-a829-11e9-a2a3-2a2ae2dbcce4','39fa99ac-a824-11e9-a2a3-2a2ae2dbcce4', 'a5fb26da-8a2e-11e9-bc42-526af7764f64', 4)
,('671765b4-a829-11e9-a2a3-2a2ae2dbcce4','39fa99ac-a824-11e9-a2a3-2a2ae2dbcce4', 'a5fb1a14-8a2e-11e9-bc42-526af7764f64', 5)
,('67176726-a829-11e9-a2a3-2a2ae2dbcce4','39fa99ac-a824-11e9-a2a3-2a2ae2dbcce4', 'a5fad400-8a2e-11e9-bc42-526af7764f64', 6)
,('6717685c-a829-11e9-a2a3-2a2ae2dbcce4','39fa99ac-a824-11e9-a2a3-2a2ae2dbcce4', 'a5fb0b8c-8a2e-11e9-bc42-526af7764f64', 7)
,('67176988-a829-11e9-a2a3-2a2ae2dbcce4','39fa9b00-a824-11e9-a2a3-2a2ae2dbcce4', 'a5fb0a60-8a2e-11e9-bc42-526af7764f64', 1)
,('67176abe-a829-11e9-a2a3-2a2ae2dbcce4','39fa9b00-a824-11e9-a2a3-2a2ae2dbcce4', 'a5fb0b8c-8a2e-11e9-bc42-526af7764f64', 2)
,('67176e56-a829-11e9-a2a3-2a2ae2dbcce4','39fa9b00-a824-11e9-a2a3-2a2ae2dbcce4', 'a5fae47c-8a2e-11e9-bc42-526af7764f64', 3)
,('67176fb4-a829-11e9-a2a3-2a2ae2dbcce4','39fa9b00-a824-11e9-a2a3-2a2ae2dbcce4', 'a5fb1028-8a2e-11e9-bc42-526af7764f64', 4)
,('671770ea-a829-11e9-a2a3-2a2ae2dbcce4','39fa9b00-a824-11e9-a2a3-2a2ae2dbcce4', 'a5fada86-8a2e-11e9-bc42-526af7764f64', 5)
,('6717728e-a829-11e9-a2a3-2a2ae2dbcce4','39fa9b00-a824-11e9-a2a3-2a2ae2dbcce4', 'a5fad400-8a2e-11e9-bc42-526af7764f64', 6)
,('671773e2-a829-11e9-a2a3-2a2ae2dbcce4','39fa9b00-a824-11e9-a2a3-2a2ae2dbcce4', 'a5fb0b8c-8a2e-11e9-bc42-526af7764f64', 7)
,('6717750e-a829-11e9-a2a3-2a2ae2dbcce4','39fa9c36-a824-11e9-a2a3-2a2ae2dbcce4', 'a5fb0b8c-8a2e-11e9-bc42-526af7764f64', 1)
,('67177996-a829-11e9-a2a3-2a2ae2dbcce4','39fa9c36-a824-11e9-a2a3-2a2ae2dbcce4', 'a5fadba8-8a2e-11e9-bc42-526af7764f64', 2)
,('67177afe-a829-11e9-a2a3-2a2ae2dbcce4','39fa9c36-a824-11e9-a2a3-2a2ae2dbcce4', 'a5fb05a6-8a2e-11e9-bc42-526af7764f64', 3)
,('67177c3e-a829-11e9-a2a3-2a2ae2dbcce4','39fa9c36-a824-11e9-a2a3-2a2ae2dbcce4', 'a5fae6d4-8a2e-11e9-bc42-526af7764f64', 4)
,('67177d6a-a829-11e9-a2a3-2a2ae2dbcce4','39fa9d62-a824-11e9-a2a3-2a2ae2dbcce4', 'a5fb0b8c-8a2e-11e9-bc42-526af7764f64', 1)
,('67177e96-a829-11e9-a2a3-2a2ae2dbcce4','39fa9d62-a824-11e9-a2a3-2a2ae2dbcce4', 'a5fadba8-8a2e-11e9-bc42-526af7764f64', 2)
,('67177fb8-a829-11e9-a2a3-2a2ae2dbcce4','39fa9d62-a824-11e9-a2a3-2a2ae2dbcce4', 'a5fb05a6-8a2e-11e9-bc42-526af7764f64', 3)
,('671782f6-a829-11e9-a2a3-2a2ae2dbcce4','39fa9d62-a824-11e9-a2a3-2a2ae2dbcce4', 'a5faef12-8a2e-11e9-bc42-526af7764f64', 4)
,('67178436-a829-11e9-a2a3-2a2ae2dbcce4','39fa9e8e-a824-11e9-a2a3-2a2ae2dbcce4', 'a5fb0a60-8a2e-11e9-bc42-526af7764f64', 1)
,('67178562-a829-11e9-a2a3-2a2ae2dbcce4','39fa9e8e-a824-11e9-a2a3-2a2ae2dbcce4', 'a5fb0b8c-8a2e-11e9-bc42-526af7764f64', 2)
,('67178698-a829-11e9-a2a3-2a2ae2dbcce4','39fa9e8e-a824-11e9-a2a3-2a2ae2dbcce4', 'a5fadcca-8a2e-11e9-bc42-526af7764f64', 3)
,('671787ba-a829-11e9-a2a3-2a2ae2dbcce4','39fa9e8e-a824-11e9-a2a3-2a2ae2dbcce4', 'a5fad400-8a2e-11e9-bc42-526af7764f64', 4)
,('671788e6-a829-11e9-a2a3-2a2ae2dbcce4','39fa9e8e-a824-11e9-a2a3-2a2ae2dbcce4', 'a5fb0b8c-8a2e-11e9-bc42-526af7764f64', 5)
,('67178c24-a829-11e9-a2a3-2a2ae2dbcce4','39fa9fc4-a824-11e9-a2a3-2a2ae2dbcce4', 'a5fb0b8c-8a2e-11e9-bc42-526af7764f64', 1)
,('67178d5a-a829-11e9-a2a3-2a2ae2dbcce4','39fa9fc4-a824-11e9-a2a3-2a2ae2dbcce4', 'a5fade46-8a2e-11e9-bc42-526af7764f64', 2)
,('67178e90-a829-11e9-a2a3-2a2ae2dbcce4','39faa2da-a824-11e9-a2a3-2a2ae2dbcce4', 'a5fb0a60-8a2e-11e9-bc42-526af7764f64', 1)
,('67178fbc-a829-11e9-a2a3-2a2ae2dbcce4','39faa2da-a824-11e9-a2a3-2a2ae2dbcce4', 'a5fb0b8c-8a2e-11e9-bc42-526af7764f64', 2)
,('671790e8-a829-11e9-a2a3-2a2ae2dbcce4','39faa2da-a824-11e9-a2a3-2a2ae2dbcce4', 'a5fae7f6-8a2e-11e9-bc42-526af7764f64', 3)
,('67179426-a829-11e9-a2a3-2a2ae2dbcce4','39faa2da-a824-11e9-a2a3-2a2ae2dbcce4', 'a5fad400-8a2e-11e9-bc42-526af7764f64', 4)
,('67179570-a829-11e9-a2a3-2a2ae2dbcce4','39faa2da-a824-11e9-a2a3-2a2ae2dbcce4', 'a5fb0b8c-8a2e-11e9-bc42-526af7764f64', 5)
,('671796a6-a829-11e9-a2a3-2a2ae2dbcce4','39faa442-a824-11e9-a2a3-2a2ae2dbcce4', 'a5fb0a60-8a2e-11e9-bc42-526af7764f64', 1)
,('671797d2-a829-11e9-a2a3-2a2ae2dbcce4','39faa442-a824-11e9-a2a3-2a2ae2dbcce4', 'a5fb0b8c-8a2e-11e9-bc42-526af7764f64', 2)
,('671798f4-a829-11e9-a2a3-2a2ae2dbcce4','39faa442-a824-11e9-a2a3-2a2ae2dbcce4', 'a5fae332-8a2e-11e9-bc42-526af7764f64', 3)
,('67179ac0-a829-11e9-a2a3-2a2ae2dbcce4','39faa442-a824-11e9-a2a3-2a2ae2dbcce4', 'a5fada86-8a2e-11e9-bc42-526af7764f64', 4)
,('67179bf6-a829-11e9-a2a3-2a2ae2dbcce4','39faa442-a824-11e9-a2a3-2a2ae2dbcce4', 'a5fb115e-8a2e-11e9-bc42-526af7764f64', 5)
,('67179f7a-a829-11e9-a2a3-2a2ae2dbcce4','39faa442-a824-11e9-a2a3-2a2ae2dbcce4', 'a5fb0920-8a2e-11e9-bc42-526af7764f64', 6)
,('6717a0ba-a829-11e9-a2a3-2a2ae2dbcce4','39faa442-a824-11e9-a2a3-2a2ae2dbcce4', 'a5fafca0-8a2e-11e9-bc42-526af7764f64', 7)
,('6717a1e6-a829-11e9-a2a3-2a2ae2dbcce4','39faa442-a824-11e9-a2a3-2a2ae2dbcce4', 'a5fad400-8a2e-11e9-bc42-526af7764f64', 8)
,('6717a31c-a829-11e9-a2a3-2a2ae2dbcce4','39faa442-a824-11e9-a2a3-2a2ae2dbcce4', 'a5fb0b8c-8a2e-11e9-bc42-526af7764f64', 9)
,('6717a448-a829-11e9-a2a3-2a2ae2dbcce4','39faa578-a824-11e9-a2a3-2a2ae2dbcce4', 'a5fb0b8c-8a2e-11e9-bc42-526af7764f64', 1)
,('6717a574-a829-11e9-a2a3-2a2ae2dbcce4','39faa578-a824-11e9-a2a3-2a2ae2dbcce4', 'a5faf03e-8a2e-11e9-bc42-526af7764f64', 2)
,('6717a920-a829-11e9-a2a3-2a2ae2dbcce4','39faa578-a824-11e9-a2a3-2a2ae2dbcce4', 'a5faf282-8a2e-11e9-bc42-526af7764f64', 3)
,('6717aa74-a829-11e9-a2a3-2a2ae2dbcce4','39faa6a4-a824-11e9-a2a3-2a2ae2dbcce4', 'a5fb0a60-8a2e-11e9-bc42-526af7764f64', 1)
,('6717add0-a829-11e9-a2a3-2a2ae2dbcce4','39faa6a4-a824-11e9-a2a3-2a2ae2dbcce4', 'a5fb0b8c-8a2e-11e9-bc42-526af7764f64', 2)
,('6717af42-a829-11e9-a2a3-2a2ae2dbcce4','39faa6a4-a824-11e9-a2a3-2a2ae2dbcce4', 'a5fade46-8a2e-11e9-bc42-526af7764f64', 3)
,('6717b078-a829-11e9-a2a3-2a2ae2dbcce4','39faa6a4-a824-11e9-a2a3-2a2ae2dbcce4', 'a5fb26da-8a2e-11e9-bc42-526af7764f64', 4)
,('6717b1a4-a829-11e9-a2a3-2a2ae2dbcce4','39faa6a4-a824-11e9-a2a3-2a2ae2dbcce4', 'a5fad400-8a2e-11e9-bc42-526af7764f64', 5)
,('6717b5d2-a829-11e9-a2a3-2a2ae2dbcce4','39faa6a4-a824-11e9-a2a3-2a2ae2dbcce4', 'a5fb0b8c-8a2e-11e9-bc42-526af7764f64', 6)
,('6717b73a-a829-11e9-a2a3-2a2ae2dbcce4','39faa7c6-a824-11e9-a2a3-2a2ae2dbcce4', 'a5fb0a60-8a2e-11e9-bc42-526af7764f64', 1)
,('6717b870-a829-11e9-a2a3-2a2ae2dbcce4','39faa7c6-a824-11e9-a2a3-2a2ae2dbcce4', 'a5fb0b8c-8a2e-11e9-bc42-526af7764f64', 2)
,('6717b9a6-a829-11e9-a2a3-2a2ae2dbcce4','39faa7c6-a824-11e9-a2a3-2a2ae2dbcce4', 'a5fae332-8a2e-11e9-bc42-526af7764f64', 3)
,('6717bad2-a829-11e9-a2a3-2a2ae2dbcce4','39faa7c6-a824-11e9-a2a3-2a2ae2dbcce4', 'a5fb1c4e-8a2e-11e9-bc42-526af7764f64', 4)
,('6717bc08-a829-11e9-a2a3-2a2ae2dbcce4','39faa7c6-a824-11e9-a2a3-2a2ae2dbcce4', 'a5fad400-8a2e-11e9-bc42-526af7764f64', 5)
,('6717bd34-a829-11e9-a2a3-2a2ae2dbcce4','39faa7c6-a824-11e9-a2a3-2a2ae2dbcce4', 'a5fb0b8c-8a2e-11e9-bc42-526af7764f64', 6)
,('6717c11c-a829-11e9-a2a3-2a2ae2dbcce4','39faa8fc-a824-11e9-a2a3-2a2ae2dbcce4', 'a5fb0a60-8a2e-11e9-bc42-526af7764f64', 1)
,('6717c270-a829-11e9-a2a3-2a2ae2dbcce4','39faa8fc-a824-11e9-a2a3-2a2ae2dbcce4', 'a5fb0b8c-8a2e-11e9-bc42-526af7764f64', 2)
,('6717c39c-a829-11e9-a2a3-2a2ae2dbcce4','39faa8fc-a824-11e9-a2a3-2a2ae2dbcce4', 'a5fae332-8a2e-11e9-bc42-526af7764f64', 3)
,('6717c4c8-a829-11e9-a2a3-2a2ae2dbcce4','39faa8fc-a824-11e9-a2a3-2a2ae2dbcce4', 'a5fb0448-8a2e-11e9-bc42-526af7764f64', 4)
,('6717c5ea-a829-11e9-a2a3-2a2ae2dbcce4','39faa8fc-a824-11e9-a2a3-2a2ae2dbcce4', 'a5fad400-8a2e-11e9-bc42-526af7764f64', 5)
,('6717c716-a829-11e9-a2a3-2a2ae2dbcce4','39faa8fc-a824-11e9-a2a3-2a2ae2dbcce4', 'a5fb0b8c-8a2e-11e9-bc42-526af7764f64', 6)
,('6717cacc-a829-11e9-a2a3-2a2ae2dbcce4','39faaabe-a824-11e9-a2a3-2a2ae2dbcce4', 'a5fb0a60-8a2e-11e9-bc42-526af7764f64', 1)
,('6717cc0c-a829-11e9-a2a3-2a2ae2dbcce4','39faaabe-a824-11e9-a2a3-2a2ae2dbcce4', 'a5fb0b8c-8a2e-11e9-bc42-526af7764f64', 2)
,('6717cd38-a829-11e9-a2a3-2a2ae2dbcce4','39faaabe-a824-11e9-a2a3-2a2ae2dbcce4', 'a5fae332-8a2e-11e9-bc42-526af7764f64', 3)
,('6717ce64-a829-11e9-a2a3-2a2ae2dbcce4','39faaabe-a824-11e9-a2a3-2a2ae2dbcce4', 'a5faea3a-8a2e-11e9-bc42-526af7764f64', 4)
,('6717cf90-a829-11e9-a2a3-2a2ae2dbcce4','39faaabe-a824-11e9-a2a3-2a2ae2dbcce4', 'a5fad400-8a2e-11e9-bc42-526af7764f64', 5)
,('6717d332-a829-11e9-a2a3-2a2ae2dbcce4','39faaabe-a824-11e9-a2a3-2a2ae2dbcce4', 'a5fb0b8c-8a2e-11e9-bc42-526af7764f64', 6)
,('6717d490-a829-11e9-a2a3-2a2ae2dbcce4','39faae06-a824-11e9-a2a3-2a2ae2dbcce4', 'a5fb0a60-8a2e-11e9-bc42-526af7764f64', 1)
,('6717d5c6-a829-11e9-a2a3-2a2ae2dbcce4','39faae06-a824-11e9-a2a3-2a2ae2dbcce4', 'a5fb0b8c-8a2e-11e9-bc42-526af7764f64', 2)
,('6717d6f2-a829-11e9-a2a3-2a2ae2dbcce4','39faae06-a824-11e9-a2a3-2a2ae2dbcce4', 'a5fae332-8a2e-11e9-bc42-526af7764f64', 3)
,('6717d81e-a829-11e9-a2a3-2a2ae2dbcce4','39faae06-a824-11e9-a2a3-2a2ae2dbcce4', 'a5fb26da-8a2e-11e9-bc42-526af7764f64', 4)
,('6717d940-a829-11e9-a2a3-2a2ae2dbcce4','39faae06-a824-11e9-a2a3-2a2ae2dbcce4', 'a5fb1c4e-8a2e-11e9-bc42-526af7764f64', 5)
,('6717dcd8-a829-11e9-a2a3-2a2ae2dbcce4','39faae06-a824-11e9-a2a3-2a2ae2dbcce4', 'a5fad400-8a2e-11e9-bc42-526af7764f64', 6)
,('6717de36-a829-11e9-a2a3-2a2ae2dbcce4','39faae06-a824-11e9-a2a3-2a2ae2dbcce4', 'a5fb0b8c-8a2e-11e9-bc42-526af7764f64', 7)
,('6717df62-a829-11e9-a2a3-2a2ae2dbcce4','39faaf64-a824-11e9-a2a3-2a2ae2dbcce4', 'a5fb0b8c-8a2e-11e9-bc42-526af7764f64', 1)
,('6717e08e-a829-11e9-a2a3-2a2ae2dbcce4','39faaf64-a824-11e9-a2a3-2a2ae2dbcce4', 'a5fae332-8a2e-11e9-bc42-526af7764f64', 2)
,('6717e1b0-a829-11e9-a2a3-2a2ae2dbcce4','39faaf64-a824-11e9-a2a3-2a2ae2dbcce4', 'a5fb1c4e-8a2e-11e9-bc42-526af7764f64', 3)
,('6717e2dc-a829-11e9-a2a3-2a2ae2dbcce4','39fab09a-a824-11e9-a2a3-2a2ae2dbcce4', 'a5fb0a60-8a2e-11e9-bc42-526af7764f64', 1)
,('6717e656-a829-11e9-a2a3-2a2ae2dbcce4','39fab09a-a824-11e9-a2a3-2a2ae2dbcce4', 'a5fb0b8c-8a2e-11e9-bc42-526af7764f64', 2)
,('6717e840-a829-11e9-a2a3-2a2ae2dbcce4','39fab09a-a824-11e9-a2a3-2a2ae2dbcce4', 'a5fb1b36-8a2e-11e9-bc42-526af7764f64', 3)
,('6717e994-a829-11e9-a2a3-2a2ae2dbcce4','39fab09a-a824-11e9-a2a3-2a2ae2dbcce4', 'a5fafdd6-8a2e-11e9-bc42-526af7764f64', 4)
,('6717eac0-a829-11e9-a2a3-2a2ae2dbcce4','39fab09a-a824-11e9-a2a3-2a2ae2dbcce4', 'a5fb179e-8a2e-11e9-bc42-526af7764f64', 5)
,('6717ebe2-a829-11e9-a2a3-2a2ae2dbcce4','39fab09a-a824-11e9-a2a3-2a2ae2dbcce4', 'a5facf00-8a2e-11e9-bc42-526af7764f64', 6)
,('6717ed0e-a829-11e9-a2a3-2a2ae2dbcce4','39fab09a-a824-11e9-a2a3-2a2ae2dbcce4', 'a5fad400-8a2e-11e9-bc42-526af7764f64', 7)
,('6717eff2-a829-11e9-a2a3-2a2ae2dbcce4','39fab09a-a824-11e9-a2a3-2a2ae2dbcce4', 'a5fb0b8c-8a2e-11e9-bc42-526af7764f64', 8)
,('6717f13c-a829-11e9-a2a3-2a2ae2dbcce4','39fab1c6-a824-11e9-a2a3-2a2ae2dbcce4', 'a5fb0a60-8a2e-11e9-bc42-526af7764f64', 1)
,('6717f272-a829-11e9-a2a3-2a2ae2dbcce4','39fab1c6-a824-11e9-a2a3-2a2ae2dbcce4', 'a5fb0b8c-8a2e-11e9-bc42-526af7764f64', 2)
,('6717f3a8-a829-11e9-a2a3-2a2ae2dbcce4','39fab1c6-a824-11e9-a2a3-2a2ae2dbcce4', 'a5fae47c-8a2e-11e9-bc42-526af7764f64', 3)
,('6717f4d4-a829-11e9-a2a3-2a2ae2dbcce4','39fab1c6-a824-11e9-a2a3-2a2ae2dbcce4', 'a5faea3a-8a2e-11e9-bc42-526af7764f64', 4)
,('6717f808-a829-11e9-a2a3-2a2ae2dbcce4','39fab2fc-a824-11e9-a2a3-2a2ae2dbcce4', 'a5fb0a60-8a2e-11e9-bc42-526af7764f64', 1)
,('6717f952-a829-11e9-a2a3-2a2ae2dbcce4','39fab2fc-a824-11e9-a2a3-2a2ae2dbcce4', 'a5fb0b8c-8a2e-11e9-bc42-526af7764f64', 2)
,('6717fa88-a829-11e9-a2a3-2a2ae2dbcce4','39fab2fc-a824-11e9-a2a3-2a2ae2dbcce4', 'a5fae47c-8a2e-11e9-bc42-526af7764f64', 3)
,('6717fbaa-a829-11e9-a2a3-2a2ae2dbcce4','39fab2fc-a824-11e9-a2a3-2a2ae2dbcce4', 'a5fad176-8a2e-11e9-bc42-526af7764f64', 4)
,('6717fce0-a829-11e9-a2a3-2a2ae2dbcce4','39fab428-a824-11e9-a2a3-2a2ae2dbcce4', 'a5fb0a60-8a2e-11e9-bc42-526af7764f64', 1)
,('6717fe02-a829-11e9-a2a3-2a2ae2dbcce4','39fab428-a824-11e9-a2a3-2a2ae2dbcce4', 'a5fb0b8c-8a2e-11e9-bc42-526af7764f64', 2)
,('6718019a-a829-11e9-a2a3-2a2ae2dbcce4','39fab428-a824-11e9-a2a3-2a2ae2dbcce4', 'a5fae47c-8a2e-11e9-bc42-526af7764f64', 3)
,('671802ee-a829-11e9-a2a3-2a2ae2dbcce4','39fab428-a824-11e9-a2a3-2a2ae2dbcce4', 'a5faf606-8a2e-11e9-bc42-526af7764f64', 4)
,('6718042e-a829-11e9-a2a3-2a2ae2dbcce4','39fab554-a824-11e9-a2a3-2a2ae2dbcce4', 'a5fb0a60-8a2e-11e9-bc42-526af7764f64', 1)
,('6718055a-a829-11e9-a2a3-2a2ae2dbcce4','39fab554-a824-11e9-a2a3-2a2ae2dbcce4', 'a5fb0b8c-8a2e-11e9-bc42-526af7764f64', 2)
,('6718067c-a829-11e9-a2a3-2a2ae2dbcce4','39fab554-a824-11e9-a2a3-2a2ae2dbcce4', 'a5fae47c-8a2e-11e9-bc42-526af7764f64', 3)
,('671807b2-a829-11e9-a2a3-2a2ae2dbcce4','39fab554-a824-11e9-a2a3-2a2ae2dbcce4', 'a5fb1c4e-8a2e-11e9-bc42-526af7764f64', 4)
,('671808d4-a829-11e9-a2a3-2a2ae2dbcce4','39fab89c-a824-11e9-a2a3-2a2ae2dbcce4', 'a5fadba8-8a2e-11e9-bc42-526af7764f64', 1)
,('67180c76-a829-11e9-a2a3-2a2ae2dbcce4','39fab89c-a824-11e9-a2a3-2a2ae2dbcce4', 'a5fb05a6-8a2e-11e9-bc42-526af7764f64', 2)
,('67180dd4-a829-11e9-a2a3-2a2ae2dbcce4','39fab89c-a824-11e9-a2a3-2a2ae2dbcce4', 'a5fb0b8c-8a2e-11e9-bc42-526af7764f64', 3)
,('67180f96-a829-11e9-a2a3-2a2ae2dbcce4','39fab89c-a824-11e9-a2a3-2a2ae2dbcce4', 'a5faf160-8a2e-11e9-bc42-526af7764f64', 4)
,('671810e0-a829-11e9-a2a3-2a2ae2dbcce4','39fab9fa-a824-11e9-a2a3-2a2ae2dbcce4', 'a5fb0a60-8a2e-11e9-bc42-526af7764f64', 1)
,('6718120c-a829-11e9-a2a3-2a2ae2dbcce4','39fab9fa-a824-11e9-a2a3-2a2ae2dbcce4', 'a5fb0b8c-8a2e-11e9-bc42-526af7764f64', 2)
,('67181338-a829-11e9-a2a3-2a2ae2dbcce4','39fab9fa-a824-11e9-a2a3-2a2ae2dbcce4', 'a5fb1c4e-8a2e-11e9-bc42-526af7764f64', 3)
,('67181630-a829-11e9-a2a3-2a2ae2dbcce4','39fabb26-a824-11e9-a2a3-2a2ae2dbcce4', 'a5fb0a60-8a2e-11e9-bc42-526af7764f64', 1)
,('67181a04-a829-11e9-a2a3-2a2ae2dbcce4','39fabb26-a824-11e9-a2a3-2a2ae2dbcce4', 'a5fb0b8c-8a2e-11e9-bc42-526af7764f64', 2)
,('67181b6c-a829-11e9-a2a3-2a2ae2dbcce4','39fabb26-a824-11e9-a2a3-2a2ae2dbcce4', 'a5faea3a-8a2e-11e9-bc42-526af7764f64', 3)
,('67181ca2-a829-11e9-a2a3-2a2ae2dbcce4','39fabb26-a824-11e9-a2a3-2a2ae2dbcce4', 'a5fb26da-8a2e-11e9-bc42-526af7764f64', 4)
,('67182062-a829-11e9-a2a3-2a2ae2dbcce4','39fabb26-a824-11e9-a2a3-2a2ae2dbcce4', 'a5fad400-8a2e-11e9-bc42-526af7764f64', 5)
,('671821ca-a829-11e9-a2a3-2a2ae2dbcce4','39fabb26-a824-11e9-a2a3-2a2ae2dbcce4', 'a5fb0b8c-8a2e-11e9-bc42-526af7764f64', 6)
,('671822f6-a829-11e9-a2a3-2a2ae2dbcce4','39fabc48-a824-11e9-a2a3-2a2ae2dbcce4', 'a5fb0b8c-8a2e-11e9-bc42-526af7764f64', 2)
,('67182418-a829-11e9-a2a3-2a2ae2dbcce4','39fabc48-a824-11e9-a2a3-2a2ae2dbcce4', 'a5faf03e-8a2e-11e9-bc42-526af7764f64', 3)
,('6718253a-a829-11e9-a2a3-2a2ae2dbcce4','39fabd7e-a824-11e9-a2a3-2a2ae2dbcce4', 'a5fb0a60-8a2e-11e9-bc42-526af7764f64', 1)
,('67182666-a829-11e9-a2a3-2a2ae2dbcce4','39fabd7e-a824-11e9-a2a3-2a2ae2dbcce4', 'a5fb0b8c-8a2e-11e9-bc42-526af7764f64', 2)
,('67182788-a829-11e9-a2a3-2a2ae2dbcce4','39fabd7e-a824-11e9-a2a3-2a2ae2dbcce4', 'a5fb1b36-8a2e-11e9-bc42-526af7764f64', 3)
,('67182b48-a829-11e9-a2a3-2a2ae2dbcce4','39fabd7e-a824-11e9-a2a3-2a2ae2dbcce4', 'a5fae332-8a2e-11e9-bc42-526af7764f64', 4)
,('67182c9c-a829-11e9-a2a3-2a2ae2dbcce4','39fabd7e-a824-11e9-a2a3-2a2ae2dbcce4', 'a5faff0c-8a2e-11e9-bc42-526af7764f64', 5)
,('67182ddc-a829-11e9-a2a3-2a2ae2dbcce4','39fabd7e-a824-11e9-a2a3-2a2ae2dbcce4', 'a5fb26da-8a2e-11e9-bc42-526af7764f64', 6)
,('67182f12-a829-11e9-a2a3-2a2ae2dbcce4','39fabd7e-a824-11e9-a2a3-2a2ae2dbcce4', 'a5faea3a-8a2e-11e9-bc42-526af7764f64', 7)
,('67183034-a829-11e9-a2a3-2a2ae2dbcce4','39fabd7e-a824-11e9-a2a3-2a2ae2dbcce4', 'a5fb1a14-8a2e-11e9-bc42-526af7764f64', 8)
,('67183160-a829-11e9-a2a3-2a2ae2dbcce4','39fabd7e-a824-11e9-a2a3-2a2ae2dbcce4', 'a5fad400-8a2e-11e9-bc42-526af7764f64', 9)
,('671836d8-a829-11e9-a2a3-2a2ae2dbcce4','39fabd7e-a824-11e9-a2a3-2a2ae2dbcce4', 'a5fb0b8c-8a2e-11e9-bc42-526af7764f64', 10)
,('67183854-a829-11e9-a2a3-2a2ae2dbcce4','39fabeaa-a824-11e9-a2a3-2a2ae2dbcce4', 'a5fb1280-8a2e-11e9-bc42-526af7764f64', 1)
,('6718398a-a829-11e9-a2a3-2a2ae2dbcce4','39fabeaa-a824-11e9-a2a3-2a2ae2dbcce4', 'a5faf9c6-8a2e-11e9-bc42-526af7764f64', 2)
,('67183ac0-a829-11e9-a2a3-2a2ae2dbcce4','39fabeaa-a824-11e9-a2a3-2a2ae2dbcce4', 'a5fb13a2-8a2e-11e9-bc42-526af7764f64', 3)
,('67183bec-a829-11e9-a2a3-2a2ae2dbcce4','39fabeaa-a824-11e9-a2a3-2a2ae2dbcce4', 'a5fb0b8c-8a2e-11e9-bc42-526af7764f64', 4)
,('67183d18-a829-11e9-a2a3-2a2ae2dbcce4','39fabeaa-a824-11e9-a2a3-2a2ae2dbcce4', 'a5fad400-8a2e-11e9-bc42-526af7764f64', 5)
,('67183ec6-a829-11e9-a2a3-2a2ae2dbcce4','39fabeaa-a824-11e9-a2a3-2a2ae2dbcce4', 'a5fb0b8c-8a2e-11e9-bc42-526af7764f64', 6)
,('67184006-a829-11e9-a2a3-2a2ae2dbcce4','39fac1d4-a824-11e9-a2a3-2a2ae2dbcce4', 'a5fb0b8c-8a2e-11e9-bc42-526af7764f64', 1)
,('671842f4-a829-11e9-a2a3-2a2ae2dbcce4','39fac1d4-a824-11e9-a2a3-2a2ae2dbcce4', 'a5fafb10-8a2e-11e9-bc42-526af7764f64', 2)
,('67184448-a829-11e9-a2a3-2a2ae2dbcce4','39fac328-a824-11e9-a2a3-2a2ae2dbcce4', 'a5fb0a60-8a2e-11e9-bc42-526af7764f64', 1)
,('67184574-a829-11e9-a2a3-2a2ae2dbcce4','39fac328-a824-11e9-a2a3-2a2ae2dbcce4', 'a5fb0b8c-8a2e-11e9-bc42-526af7764f64', 2)
,('671846a0-a829-11e9-a2a3-2a2ae2dbcce4','39fac328-a824-11e9-a2a3-2a2ae2dbcce4', 'a5fb2342-8a2e-11e9-bc42-526af7764f64', 3)
,('671847c2-a829-11e9-a2a3-2a2ae2dbcce4','39fac328-a824-11e9-a2a3-2a2ae2dbcce4', 'a5fad400-8a2e-11e9-bc42-526af7764f64', 4)
,('67184a88-a829-11e9-a2a3-2a2ae2dbcce4','39fac328-a824-11e9-a2a3-2a2ae2dbcce4', 'a5fb0b8c-8a2e-11e9-bc42-526af7764f64', 5)
,('67184bd2-a829-11e9-a2a3-2a2ae2dbcce4','39fac472-a824-11e9-a2a3-2a2ae2dbcce4', 'a5fb0a60-8a2e-11e9-bc42-526af7764f64', 1)
,('67184cfe-a829-11e9-a2a3-2a2ae2dbcce4','39fac472-a824-11e9-a2a3-2a2ae2dbcce4', 'a5fb0b8c-8a2e-11e9-bc42-526af7764f64', 2)
,('67184e2a-a829-11e9-a2a3-2a2ae2dbcce4','39fac472-a824-11e9-a2a3-2a2ae2dbcce4', 'a5fb2342-8a2e-11e9-bc42-526af7764f64', 3)
,('67184f56-a829-11e9-a2a3-2a2ae2dbcce4','39fac472-a824-11e9-a2a3-2a2ae2dbcce4', 'a5fb1c4e-8a2e-11e9-bc42-526af7764f64', 4)
,('67185320-a829-11e9-a2a3-2a2ae2dbcce4','39fac472-a824-11e9-a2a3-2a2ae2dbcce4', 'a5fad400-8a2e-11e9-bc42-526af7764f64', 5)
,('6718547e-a829-11e9-a2a3-2a2ae2dbcce4','39fac472-a824-11e9-a2a3-2a2ae2dbcce4', 'a5fb0b8c-8a2e-11e9-bc42-526af7764f64', 6)
,('671855aa-a829-11e9-a2a3-2a2ae2dbcce4','39fac5a8-a824-11e9-a2a3-2a2ae2dbcce4', 'a5fb0a60-8a2e-11e9-bc42-526af7764f64', 1)
,('671856d6-a829-11e9-a2a3-2a2ae2dbcce4','39fac5a8-a824-11e9-a2a3-2a2ae2dbcce4', 'a5fb0b8c-8a2e-11e9-bc42-526af7764f64', 2)
,('67185802-a829-11e9-a2a3-2a2ae2dbcce4','39fac5a8-a824-11e9-a2a3-2a2ae2dbcce4', 'a5fb2342-8a2e-11e9-bc42-526af7764f64', 3)
,('67185924-a829-11e9-a2a3-2a2ae2dbcce4','39fac5a8-a824-11e9-a2a3-2a2ae2dbcce4', 'a5faef12-8a2e-11e9-bc42-526af7764f64', 4)
,('67185d0c-a829-11e9-a2a3-2a2ae2dbcce4','39fac5a8-a824-11e9-a2a3-2a2ae2dbcce4', 'a5fad400-8a2e-11e9-bc42-526af7764f64', 5)
,('67185e74-a829-11e9-a2a3-2a2ae2dbcce4','39fac5a8-a824-11e9-a2a3-2a2ae2dbcce4', 'a5fb0b8c-8a2e-11e9-bc42-526af7764f64', 6)
,('67185fa0-a829-11e9-a2a3-2a2ae2dbcce4','39fac6d4-a824-11e9-a2a3-2a2ae2dbcce4', 'a5fb0a60-8a2e-11e9-bc42-526af7764f64', 1)
,('67186144-a829-11e9-a2a3-2a2ae2dbcce4','39fac6d4-a824-11e9-a2a3-2a2ae2dbcce4', 'a5fb0b8c-8a2e-11e9-bc42-526af7764f64', 2)
,('6718628e-a829-11e9-a2a3-2a2ae2dbcce4','39fac6d4-a824-11e9-a2a3-2a2ae2dbcce4', 'a5fb2342-8a2e-11e9-bc42-526af7764f64', 3)
,('671863ba-a829-11e9-a2a3-2a2ae2dbcce4','39fac6d4-a824-11e9-a2a3-2a2ae2dbcce4', 'a5facf00-8a2e-11e9-bc42-526af7764f64', 4)
,('67186504-a829-11e9-a2a3-2a2ae2dbcce4','39fac6d4-a824-11e9-a2a3-2a2ae2dbcce4', 'a5fad400-8a2e-11e9-bc42-526af7764f64', 5)
,('671868a6-a829-11e9-a2a3-2a2ae2dbcce4','39fac6d4-a824-11e9-a2a3-2a2ae2dbcce4', 'a5fb0b8c-8a2e-11e9-bc42-526af7764f64', 6)
,('671869d2-a829-11e9-a2a3-2a2ae2dbcce4','39fac800-a824-11e9-a2a3-2a2ae2dbcce4', 'a5fb0a60-8a2e-11e9-bc42-526af7764f64', 1)
,('67186afe-a829-11e9-a2a3-2a2ae2dbcce4','39fac800-a824-11e9-a2a3-2a2ae2dbcce4', 'a5fb0b8c-8a2e-11e9-bc42-526af7764f64', 2)
,('67186c20-a829-11e9-a2a3-2a2ae2dbcce4','39fac800-a824-11e9-a2a3-2a2ae2dbcce4', 'a5faff0c-8a2e-11e9-bc42-526af7764f64', 3)
,('67186d4c-a829-11e9-a2a3-2a2ae2dbcce4','39fac800-a824-11e9-a2a3-2a2ae2dbcce4', 'a5fb115e-8a2e-11e9-bc42-526af7764f64', 4)
,('67186e78-a829-11e9-a2a3-2a2ae2dbcce4','39fac800-a824-11e9-a2a3-2a2ae2dbcce4', 'a5fad400-8a2e-11e9-bc42-526af7764f64', 5)
,('6718713e-a829-11e9-a2a3-2a2ae2dbcce4','39fac800-a824-11e9-a2a3-2a2ae2dbcce4', 'a5fb0b8c-8a2e-11e9-bc42-526af7764f64', 6)
,('6718729c-a829-11e9-a2a3-2a2ae2dbcce4','39fac92c-a824-11e9-a2a3-2a2ae2dbcce4', 'a5fb0a60-8a2e-11e9-bc42-526af7764f64', 1)
,('671873d2-a829-11e9-a2a3-2a2ae2dbcce4','39fac92c-a824-11e9-a2a3-2a2ae2dbcce4', 'a5fb0b8c-8a2e-11e9-bc42-526af7764f64', 2)
,('671874fe-a829-11e9-a2a3-2a2ae2dbcce4','39fac92c-a824-11e9-a2a3-2a2ae2dbcce4', 'a5faff0c-8a2e-11e9-bc42-526af7764f64', 3)
,('671877ba-a829-11e9-a2a3-2a2ae2dbcce4','39fac92c-a824-11e9-a2a3-2a2ae2dbcce4', 'a5fb1c4e-8a2e-11e9-bc42-526af7764f64', 4)
,('67187904-a829-11e9-a2a3-2a2ae2dbcce4','39facc88-a824-11e9-a2a3-2a2ae2dbcce4', 'a5fb0a60-8a2e-11e9-bc42-526af7764f64', 1)
,('67187a3a-a829-11e9-a2a3-2a2ae2dbcce4','39facc88-a824-11e9-a2a3-2a2ae2dbcce4', 'a5fb0b8c-8a2e-11e9-bc42-526af7764f64', 2)
,('67187dbe-a829-11e9-a2a3-2a2ae2dbcce4','39facc88-a824-11e9-a2a3-2a2ae2dbcce4', 'a5faff0c-8a2e-11e9-bc42-526af7764f64', 3)
,('67187f12-a829-11e9-a2a3-2a2ae2dbcce4','39facc88-a824-11e9-a2a3-2a2ae2dbcce4', 'a5fada86-8a2e-11e9-bc42-526af7764f64', 4)
,('67188048-a829-11e9-a2a3-2a2ae2dbcce4','39facc88-a824-11e9-a2a3-2a2ae2dbcce4', 'a5fb0920-8a2e-11e9-bc42-526af7764f64', 5)
,('67188174-a829-11e9-a2a3-2a2ae2dbcce4','39facc88-a824-11e9-a2a3-2a2ae2dbcce4', 'a5fad400-8a2e-11e9-bc42-526af7764f64', 6)
,('671882a0-a829-11e9-a2a3-2a2ae2dbcce4','39facc88-a824-11e9-a2a3-2a2ae2dbcce4', 'a5fb0b8c-8a2e-11e9-bc42-526af7764f64', 7)
,('67188444-a829-11e9-a2a3-2a2ae2dbcce4','39facdf0-a824-11e9-a2a3-2a2ae2dbcce4', 'a5fb0a60-8a2e-11e9-bc42-526af7764f64', 1)
,('67188822-a829-11e9-a2a3-2a2ae2dbcce4','39facdf0-a824-11e9-a2a3-2a2ae2dbcce4', 'a5fb0b8c-8a2e-11e9-bc42-526af7764f64', 2)
,('67188980-a829-11e9-a2a3-2a2ae2dbcce4','39facdf0-a824-11e9-a2a3-2a2ae2dbcce4', 'a5faff0c-8a2e-11e9-bc42-526af7764f64', 3)
,('67188ab6-a829-11e9-a2a3-2a2ae2dbcce4','39facdf0-a824-11e9-a2a3-2a2ae2dbcce4', 'a5fae47c-8a2e-11e9-bc42-526af7764f64', 4)
,('67188bd8-a829-11e9-a2a3-2a2ae2dbcce4','39facf1c-a824-11e9-a2a3-2a2ae2dbcce4', 'a5fb0a60-8a2e-11e9-bc42-526af7764f64', 1)
,('67188d04-a829-11e9-a2a3-2a2ae2dbcce4','39facf1c-a824-11e9-a2a3-2a2ae2dbcce4', 'a5fb0b8c-8a2e-11e9-bc42-526af7764f64', 2)
,('67188e30-a829-11e9-a2a3-2a2ae2dbcce4','39facf1c-a824-11e9-a2a3-2a2ae2dbcce4', 'a5faff0c-8a2e-11e9-bc42-526af7764f64', 3)
,('6718910a-a829-11e9-a2a3-2a2ae2dbcce4','39facf1c-a824-11e9-a2a3-2a2ae2dbcce4', 'a5fb0920-8a2e-11e9-bc42-526af7764f64', 4)
,('67189254-a829-11e9-a2a3-2a2ae2dbcce4','39fad124-a824-11e9-a2a3-2a2ae2dbcce4', 'a5fb0a60-8a2e-11e9-bc42-526af7764f64', 1)
,('67189380-a829-11e9-a2a3-2a2ae2dbcce4','39fad124-a824-11e9-a2a3-2a2ae2dbcce4', 'a5fb0b8c-8a2e-11e9-bc42-526af7764f64', 2)
,('671894ac-a829-11e9-a2a3-2a2ae2dbcce4','39fad124-a824-11e9-a2a3-2a2ae2dbcce4', 'a5fae7f6-8a2e-11e9-bc42-526af7764f64', 3)
,('671895d8-a829-11e9-a2a3-2a2ae2dbcce4','39fad124-a824-11e9-a2a3-2a2ae2dbcce4', 'a5fb2342-8a2e-11e9-bc42-526af7764f64', 4)
,('67189704-a829-11e9-a2a3-2a2ae2dbcce4','39fad124-a824-11e9-a2a3-2a2ae2dbcce4', 'a5fb0920-8a2e-11e9-bc42-526af7764f64', 5)
,('67189826-a829-11e9-a2a3-2a2ae2dbcce4','39fad124-a824-11e9-a2a3-2a2ae2dbcce4', 'a5fafca0-8a2e-11e9-bc42-526af7764f64', 6)
,('67189b82-a829-11e9-a2a3-2a2ae2dbcce4','39fad124-a824-11e9-a2a3-2a2ae2dbcce4', 'a5fadcca-8a2e-11e9-bc42-526af7764f64', 7)
,('67189ccc-a829-11e9-a2a3-2a2ae2dbcce4','39fad124-a824-11e9-a2a3-2a2ae2dbcce4', 'a5fad400-8a2e-11e9-bc42-526af7764f64', 8)
,('67189e0c-a829-11e9-a2a3-2a2ae2dbcce4','39fad124-a824-11e9-a2a3-2a2ae2dbcce4', 'a5fb0b8c-8a2e-11e9-bc42-526af7764f64', 9)
,('67189f38-a829-11e9-a2a3-2a2ae2dbcce4','39fad2a0-a824-11e9-a2a3-2a2ae2dbcce4', 'a5fb0a60-8a2e-11e9-bc42-526af7764f64', 1)
,('6718a05a-a829-11e9-a2a3-2a2ae2dbcce4','39fad2a0-a824-11e9-a2a3-2a2ae2dbcce4', 'a5fb0b8c-8a2e-11e9-bc42-526af7764f64', 2)
,('6718a186-a829-11e9-a2a3-2a2ae2dbcce4','39fad2a0-a824-11e9-a2a3-2a2ae2dbcce4', 'a5fb0920-8a2e-11e9-bc42-526af7764f64', 3)
,('6718a2a8-a829-11e9-a2a3-2a2ae2dbcce4','39fad2a0-a824-11e9-a2a3-2a2ae2dbcce4', 'a5fafca0-8a2e-11e9-bc42-526af7764f64', 4)
,('6718a60e-a829-11e9-a2a3-2a2ae2dbcce4','39fad2a0-a824-11e9-a2a3-2a2ae2dbcce4', 'a5fb115e-8a2e-11e9-bc42-526af7764f64', 5)
,('6718a7e4-a829-11e9-a2a3-2a2ae2dbcce4','39fad2a0-a824-11e9-a2a3-2a2ae2dbcce4', 'a5faea3a-8a2e-11e9-bc42-526af7764f64', 6)
,('6718a924-a829-11e9-a2a3-2a2ae2dbcce4','39fad2a0-a824-11e9-a2a3-2a2ae2dbcce4', 'a5faef12-8a2e-11e9-bc42-526af7764f64', 7)
,('6718aa5a-a829-11e9-a2a3-2a2ae2dbcce4','39fad2a0-a824-11e9-a2a3-2a2ae2dbcce4', 'a5fad400-8a2e-11e9-bc42-526af7764f64', 8)
,('6718ac12-a829-11e9-a2a3-2a2ae2dbcce4','39fad2a0-a824-11e9-a2a3-2a2ae2dbcce4', 'a5fb0b8c-8a2e-11e9-bc42-526af7764f64', 9)
,('6718ad48-a829-11e9-a2a3-2a2ae2dbcce4','39fad3d6-a824-11e9-a2a3-2a2ae2dbcce4', 'a5fb0a60-8a2e-11e9-bc42-526af7764f64', 1)
,('6718b086-a829-11e9-a2a3-2a2ae2dbcce4','39fad3d6-a824-11e9-a2a3-2a2ae2dbcce4', 'a5fb0b8c-8a2e-11e9-bc42-526af7764f64', 2)
,('6718b1da-a829-11e9-a2a3-2a2ae2dbcce4','39fad3d6-a824-11e9-a2a3-2a2ae2dbcce4', 'a5fb06c8-8a2e-11e9-bc42-526af7764f64', 3)
,('6718b306-a829-11e9-a2a3-2a2ae2dbcce4','39fad3d6-a824-11e9-a2a3-2a2ae2dbcce4', 'a5faea3a-8a2e-11e9-bc42-526af7764f64', 4)
,('6718b432-a829-11e9-a2a3-2a2ae2dbcce4','39fad3d6-a824-11e9-a2a3-2a2ae2dbcce4', 'a5fad400-8a2e-11e9-bc42-526af7764f64', 5)
,('6718b554-a829-11e9-a2a3-2a2ae2dbcce4','39fad3d6-a824-11e9-a2a3-2a2ae2dbcce4', 'a5fb0b8c-8a2e-11e9-bc42-526af7764f64', 6)
,('6718bcc0-a829-11e9-a2a3-2a2ae2dbcce4','39fad502-a824-11e9-a2a3-2a2ae2dbcce4', 'a5fb0a60-8a2e-11e9-bc42-526af7764f64', 1)
,('6718be50-a829-11e9-a2a3-2a2ae2dbcce4','39fad502-a824-11e9-a2a3-2a2ae2dbcce4', 'a5fb0b8c-8a2e-11e9-bc42-526af7764f64', 2)
,('6718c224-a829-11e9-a2a3-2a2ae2dbcce4','39fad502-a824-11e9-a2a3-2a2ae2dbcce4', 'a5fb06c8-8a2e-11e9-bc42-526af7764f64', 3)
,('6718c364-a829-11e9-a2a3-2a2ae2dbcce4','39fad502-a824-11e9-a2a3-2a2ae2dbcce4', 'a5fb1c4e-8a2e-11e9-bc42-526af7764f64', 4)
,('6718c490-a829-11e9-a2a3-2a2ae2dbcce4','39fad502-a824-11e9-a2a3-2a2ae2dbcce4', 'a5fad400-8a2e-11e9-bc42-526af7764f64', 5)
,('6718c5bc-a829-11e9-a2a3-2a2ae2dbcce4','39fad502-a824-11e9-a2a3-2a2ae2dbcce4', 'a5fb0b8c-8a2e-11e9-bc42-526af7764f64', 6)
,('6718c6de-a829-11e9-a2a3-2a2ae2dbcce4','39fad836-a824-11e9-a2a3-2a2ae2dbcce4', 'a5fb0a60-8a2e-11e9-bc42-526af7764f64', 1)
,('6718c80a-a829-11e9-a2a3-2a2ae2dbcce4','39fad836-a824-11e9-a2a3-2a2ae2dbcce4', 'a5fb0b8c-8a2e-11e9-bc42-526af7764f64', 2)
,('6718c95e-a829-11e9-a2a3-2a2ae2dbcce4','39fad836-a824-11e9-a2a3-2a2ae2dbcce4', 'a5fb06c8-8a2e-11e9-bc42-526af7764f64', 3)
,('6718cd14-a829-11e9-a2a3-2a2ae2dbcce4','39fad836-a824-11e9-a2a3-2a2ae2dbcce4', 'a5faef12-8a2e-11e9-bc42-526af7764f64', 4)
,('6718ce54-a829-11e9-a2a3-2a2ae2dbcce4','39fad836-a824-11e9-a2a3-2a2ae2dbcce4', 'a5fad400-8a2e-11e9-bc42-526af7764f64', 5)
,('6718cf80-a829-11e9-a2a3-2a2ae2dbcce4','39fad836-a824-11e9-a2a3-2a2ae2dbcce4', 'a5fb0b8c-8a2e-11e9-bc42-526af7764f64', 6)
,('6718d0ac-a829-11e9-a2a3-2a2ae2dbcce4','39fad994-a824-11e9-a2a3-2a2ae2dbcce4', 'a5fb0a60-8a2e-11e9-bc42-526af7764f64', 1)
,('6718d250-a829-11e9-a2a3-2a2ae2dbcce4','39fad994-a824-11e9-a2a3-2a2ae2dbcce4', 'a5fb0b8c-8a2e-11e9-bc42-526af7764f64', 2)
,('6718d39a-a829-11e9-a2a3-2a2ae2dbcce4','39fad994-a824-11e9-a2a3-2a2ae2dbcce4', 'a5fb26da-8a2e-11e9-bc42-526af7764f64', 3)
,('6718d728-a829-11e9-a2a3-2a2ae2dbcce4','39fad994-a824-11e9-a2a3-2a2ae2dbcce4', 'a5fb06c8-8a2e-11e9-bc42-526af7764f64', 4)
,('6718d89a-a829-11e9-a2a3-2a2ae2dbcce4','39fadaca-a824-11e9-a2a3-2a2ae2dbcce4', 'a5fb0a60-8a2e-11e9-bc42-526af7764f64', 1)
,('6718d9c6-a829-11e9-a2a3-2a2ae2dbcce4','39fadaca-a824-11e9-a2a3-2a2ae2dbcce4', 'a5fb0b8c-8a2e-11e9-bc42-526af7764f64', 2)
,('6718daf2-a829-11e9-a2a3-2a2ae2dbcce4','39fadaca-a824-11e9-a2a3-2a2ae2dbcce4', 'a5fb0920-8a2e-11e9-bc42-526af7764f64', 3)
,('6718dc1e-a829-11e9-a2a3-2a2ae2dbcce4','39fadaca-a824-11e9-a2a3-2a2ae2dbcce4', 'a5fad400-8a2e-11e9-bc42-526af7764f64', 4)
,('6718dd4a-a829-11e9-a2a3-2a2ae2dbcce4','39fadaca-a824-11e9-a2a3-2a2ae2dbcce4', 'a5fb0b8c-8a2e-11e9-bc42-526af7764f64', 5)
,('6718de6c-a829-11e9-a2a3-2a2ae2dbcce4','39fadc00-a824-11e9-a2a3-2a2ae2dbcce4', 'a5fb0a60-8a2e-11e9-bc42-526af7764f64', 1)
,('6718e218-a829-11e9-a2a3-2a2ae2dbcce4','39fadc00-a824-11e9-a2a3-2a2ae2dbcce4', 'a5fb0b8c-8a2e-11e9-bc42-526af7764f64', 2)
,('6718e376-a829-11e9-a2a3-2a2ae2dbcce4','39fadc00-a824-11e9-a2a3-2a2ae2dbcce4', 'a5fb1b36-8a2e-11e9-bc42-526af7764f64', 3)
,('6718e4a2-a829-11e9-a2a3-2a2ae2dbcce4','39fadc00-a824-11e9-a2a3-2a2ae2dbcce4', 'a5fae332-8a2e-11e9-bc42-526af7764f64', 4)
,('6718e5c4-a829-11e9-a2a3-2a2ae2dbcce4','39fadc00-a824-11e9-a2a3-2a2ae2dbcce4', 'a5fada86-8a2e-11e9-bc42-526af7764f64', 5)
,('6718e6f0-a829-11e9-a2a3-2a2ae2dbcce4','39fadc00-a824-11e9-a2a3-2a2ae2dbcce4', 'a5fad400-8a2e-11e9-bc42-526af7764f64', 6)
,('6718e81c-a829-11e9-a2a3-2a2ae2dbcce4','39fadc00-a824-11e9-a2a3-2a2ae2dbcce4', 'a5fb0b8c-8a2e-11e9-bc42-526af7764f64', 7)
,('6718e948-a829-11e9-a2a3-2a2ae2dbcce4','39fadd2c-a824-11e9-a2a3-2a2ae2dbcce4', 'a5fb0a60-8a2e-11e9-bc42-526af7764f64', 1)
,('6718ed08-a829-11e9-a2a3-2a2ae2dbcce4','39fadd2c-a824-11e9-a2a3-2a2ae2dbcce4', 'a5fb0b8c-8a2e-11e9-bc42-526af7764f64', 2)
,('6718ee70-a829-11e9-a2a3-2a2ae2dbcce4','39fadd2c-a824-11e9-a2a3-2a2ae2dbcce4', 'a5fb1b36-8a2e-11e9-bc42-526af7764f64', 3)
,('6718ef9c-a829-11e9-a2a3-2a2ae2dbcce4','39fadd2c-a824-11e9-a2a3-2a2ae2dbcce4', 'a5faff0c-8a2e-11e9-bc42-526af7764f64', 4)
,('6718f0c8-a829-11e9-a2a3-2a2ae2dbcce4','39fadd2c-a824-11e9-a2a3-2a2ae2dbcce4', 'a5fada86-8a2e-11e9-bc42-526af7764f64', 5)
,('6718f1f4-a829-11e9-a2a3-2a2ae2dbcce4','39fadd2c-a824-11e9-a2a3-2a2ae2dbcce4', 'a5fb0920-8a2e-11e9-bc42-526af7764f64', 6)
,('6718f316-a829-11e9-a2a3-2a2ae2dbcce4','39fadd2c-a824-11e9-a2a3-2a2ae2dbcce4', 'a5fafca0-8a2e-11e9-bc42-526af7764f64', 7)
,('6718f64a-a829-11e9-a2a3-2a2ae2dbcce4','39fadd2c-a824-11e9-a2a3-2a2ae2dbcce4', 'a5fad400-8a2e-11e9-bc42-526af7764f64', 8)
,('6718f7a8-a829-11e9-a2a3-2a2ae2dbcce4','39fadd2c-a824-11e9-a2a3-2a2ae2dbcce4', 'a5fb0b8c-8a2e-11e9-bc42-526af7764f64', 9)
,('6718f956-a829-11e9-a2a3-2a2ae2dbcce4','39fade58-a824-11e9-a2a3-2a2ae2dbcce4', 'a5fb0a60-8a2e-11e9-bc42-526af7764f64', 1)
,('6718faa0-a829-11e9-a2a3-2a2ae2dbcce4','39fade58-a824-11e9-a2a3-2a2ae2dbcce4', 'a5fb0b8c-8a2e-11e9-bc42-526af7764f64', 2)
,('6718fbd6-a829-11e9-a2a3-2a2ae2dbcce4','39fade58-a824-11e9-a2a3-2a2ae2dbcce4', 'a5fad400-8a2e-11e9-bc42-526af7764f64', 3)
,('6718fcf8-a829-11e9-a2a3-2a2ae2dbcce4','39fade58-a824-11e9-a2a3-2a2ae2dbcce4', 'a5fb0ee8-8a2e-11e9-bc42-526af7764f64', 4)
,('6719000e-a829-11e9-a2a3-2a2ae2dbcce4','39fae1be-a824-11e9-a2a3-2a2ae2dbcce4', 'a5fb0a60-8a2e-11e9-bc42-526af7764f64', 1)
,('67190158-a829-11e9-a2a3-2a2ae2dbcce4','39fae1be-a824-11e9-a2a3-2a2ae2dbcce4', 'a5fb0b8c-8a2e-11e9-bc42-526af7764f64', 2)
,('6719028e-a829-11e9-a2a3-2a2ae2dbcce4','39fae1be-a824-11e9-a2a3-2a2ae2dbcce4', 'a5fb26da-8a2e-11e9-bc42-526af7764f64', 3)
,('671903ba-a829-11e9-a2a3-2a2ae2dbcce4','39fae1be-a824-11e9-a2a3-2a2ae2dbcce4', 'a5fae918-8a2e-11e9-bc42-526af7764f64', 4)
,('671904e6-a829-11e9-a2a3-2a2ae2dbcce4','39fae1be-a824-11e9-a2a3-2a2ae2dbcce4', 'a5fad400-8a2e-11e9-bc42-526af7764f64', 5)
,('67190612-a829-11e9-a2a3-2a2ae2dbcce4','39fae1be-a824-11e9-a2a3-2a2ae2dbcce4', 'a5fb0ee8-8a2e-11e9-bc42-526af7764f64', 6)
,('67190928-a829-11e9-a2a3-2a2ae2dbcce4','39fae312-a824-11e9-a2a3-2a2ae2dbcce4', 'a5fb0a60-8a2e-11e9-bc42-526af7764f64', 1)
,('67190a72-a829-11e9-a2a3-2a2ae2dbcce4','39fae312-a824-11e9-a2a3-2a2ae2dbcce4', 'a5fb0b8c-8a2e-11e9-bc42-526af7764f64', 2)
,('67190bb2-a829-11e9-a2a3-2a2ae2dbcce4','39fae312-a824-11e9-a2a3-2a2ae2dbcce4', 'a5fb26da-8a2e-11e9-bc42-526af7764f64', 3)
,('67190cde-a829-11e9-a2a3-2a2ae2dbcce4','39fae312-a824-11e9-a2a3-2a2ae2dbcce4', 'a5fb1280-8a2e-11e9-bc42-526af7764f64', 4)
,('67190e0a-a829-11e9-a2a3-2a2ae2dbcce4','39fae312-a824-11e9-a2a3-2a2ae2dbcce4', 'a5fad400-8a2e-11e9-bc42-526af7764f64', 5)
,('67190f2c-a829-11e9-a2a3-2a2ae2dbcce4','39fae312-a824-11e9-a2a3-2a2ae2dbcce4', 'a5fb0ee8-8a2e-11e9-bc42-526af7764f64', 6)
,('67191260-a829-11e9-a2a3-2a2ae2dbcce4','39fae43e-a824-11e9-a2a3-2a2ae2dbcce4', 'a5fb0a60-8a2e-11e9-bc42-526af7764f64', 1)
,('671913aa-a829-11e9-a2a3-2a2ae2dbcce4','39fae43e-a824-11e9-a2a3-2a2ae2dbcce4', 'a5fb0b8c-8a2e-11e9-bc42-526af7764f64', 2)
,('671914d6-a829-11e9-a2a3-2a2ae2dbcce4','39fae43e-a824-11e9-a2a3-2a2ae2dbcce4', 'a5fb1b36-8a2e-11e9-bc42-526af7764f64', 3)
,('67191602-a829-11e9-a2a3-2a2ae2dbcce4','39fae43e-a824-11e9-a2a3-2a2ae2dbcce4', 'a5faedbe-8a2e-11e9-bc42-526af7764f64', 4)
,('67191724-a829-11e9-a2a3-2a2ae2dbcce4','39fae43e-a824-11e9-a2a3-2a2ae2dbcce4', 'a5fb1280-8a2e-11e9-bc42-526af7764f64', 5)
,('67191850-a829-11e9-a2a3-2a2ae2dbcce4','39fae43e-a824-11e9-a2a3-2a2ae2dbcce4', 'a5fad400-8a2e-11e9-bc42-526af7764f64', 6)
,('67191b5c-a829-11e9-a2a3-2a2ae2dbcce4','39fae43e-a824-11e9-a2a3-2a2ae2dbcce4', 'a5fb0ee8-8a2e-11e9-bc42-526af7764f64', 7)
,('67191cb0-a829-11e9-a2a3-2a2ae2dbcce4','39fae56a-a824-11e9-a2a3-2a2ae2dbcce4', 'a5fb0a60-8a2e-11e9-bc42-526af7764f64', 1)
,('67191ddc-a829-11e9-a2a3-2a2ae2dbcce4','39fae56a-a824-11e9-a2a3-2a2ae2dbcce4', 'a5fb0b8c-8a2e-11e9-bc42-526af7764f64', 2)
,('67191f08-a829-11e9-a2a3-2a2ae2dbcce4','39fae56a-a824-11e9-a2a3-2a2ae2dbcce4', 'a5fb25b8-8a2e-11e9-bc42-526af7764f64', 3)
,('671920a2-a829-11e9-a2a3-2a2ae2dbcce4','39fae56a-a824-11e9-a2a3-2a2ae2dbcce4', 'a5fb115e-8a2e-11e9-bc42-526af7764f64', 4)
,('671921ec-a829-11e9-a2a3-2a2ae2dbcce4','39fae56a-a824-11e9-a2a3-2a2ae2dbcce4', 'a5fad400-8a2e-11e9-bc42-526af7764f64', 5)
,('671924d0-a829-11e9-a2a3-2a2ae2dbcce4','39fae56a-a824-11e9-a2a3-2a2ae2dbcce4', 'a5fb0ee8-8a2e-11e9-bc42-526af7764f64', 6)
,('6719261a-a829-11e9-a2a3-2a2ae2dbcce4','39fae6a0-a824-11e9-a2a3-2a2ae2dbcce4', 'a5fb0a60-8a2e-11e9-bc42-526af7764f64', 1)
,('67192746-a829-11e9-a2a3-2a2ae2dbcce4','39fae6a0-a824-11e9-a2a3-2a2ae2dbcce4', 'a5fb0b8c-8a2e-11e9-bc42-526af7764f64', 2)
,('67192872-a829-11e9-a2a3-2a2ae2dbcce4','39fae6a0-a824-11e9-a2a3-2a2ae2dbcce4', 'a5fb13a2-8a2e-11e9-bc42-526af7764f64', 3)
,('671929a8-a829-11e9-a2a3-2a2ae2dbcce4','39fae6a0-a824-11e9-a2a3-2a2ae2dbcce4', 'a5faea3a-8a2e-11e9-bc42-526af7764f64', 4)
,('67192c78-a829-11e9-a2a3-2a2ae2dbcce4','39fae6a0-a824-11e9-a2a3-2a2ae2dbcce4', 'a5fad400-8a2e-11e9-bc42-526af7764f64', 5)
,('67192db8-a829-11e9-a2a3-2a2ae2dbcce4','39fae6a0-a824-11e9-a2a3-2a2ae2dbcce4', 'a5fb0ee8-8a2e-11e9-bc42-526af7764f64', 6)
,('67192eda-a829-11e9-a2a3-2a2ae2dbcce4','39fae7d6-a824-11e9-a2a3-2a2ae2dbcce4', 'a5fb0a60-8a2e-11e9-bc42-526af7764f64', 1)
,('67193006-a829-11e9-a2a3-2a2ae2dbcce4','39fae7d6-a824-11e9-a2a3-2a2ae2dbcce4', 'a5fb0b8c-8a2e-11e9-bc42-526af7764f64', 2)
,('67193132-a829-11e9-a2a3-2a2ae2dbcce4','39fae7d6-a824-11e9-a2a3-2a2ae2dbcce4', 'a5fb13a2-8a2e-11e9-bc42-526af7764f64', 3)
,('6719343e-a829-11e9-a2a3-2a2ae2dbcce4','39fae7d6-a824-11e9-a2a3-2a2ae2dbcce4', 'a5faef12-8a2e-11e9-bc42-526af7764f64', 4)
,('67193592-a829-11e9-a2a3-2a2ae2dbcce4','39fae7d6-a824-11e9-a2a3-2a2ae2dbcce4', 'a5fad400-8a2e-11e9-bc42-526af7764f64', 5)
,('671936c8-a829-11e9-a2a3-2a2ae2dbcce4','39fae7d6-a824-11e9-a2a3-2a2ae2dbcce4', 'a5fb0ee8-8a2e-11e9-bc42-526af7764f64', 6)
,('671937f4-a829-11e9-a2a3-2a2ae2dbcce4','39fae9b6-a824-11e9-a2a3-2a2ae2dbcce4', 'a5fb0a60-8a2e-11e9-bc42-526af7764f64', 1)
,('671939c0-a829-11e9-a2a3-2a2ae2dbcce4','39fae9b6-a824-11e9-a2a3-2a2ae2dbcce4', 'a5fb0b8c-8a2e-11e9-bc42-526af7764f64', 2)
,('67193b14-a829-11e9-a2a3-2a2ae2dbcce4','39fae9b6-a824-11e9-a2a3-2a2ae2dbcce4', 'a5fb13a2-8a2e-11e9-bc42-526af7764f64', 3)
,('67193e7a-a829-11e9-a2a3-2a2ae2dbcce4','39fae9b6-a824-11e9-a2a3-2a2ae2dbcce4', 'a5fb26da-8a2e-11e9-bc42-526af7764f64', 4)
,('67193fd8-a829-11e9-a2a3-2a2ae2dbcce4','39fae9b6-a824-11e9-a2a3-2a2ae2dbcce4', 'a5fad400-8a2e-11e9-bc42-526af7764f64', 5)
,('6719410e-a829-11e9-a2a3-2a2ae2dbcce4','39fae9b6-a824-11e9-a2a3-2a2ae2dbcce4', 'a5fb0ee8-8a2e-11e9-bc42-526af7764f64', 6)
,('67194230-a829-11e9-a2a3-2a2ae2dbcce4','39faec9a-a824-11e9-a2a3-2a2ae2dbcce4', 'a5fb0a60-8a2e-11e9-bc42-526af7764f64', 1)
,('67194352-a829-11e9-a2a3-2a2ae2dbcce4','39faec9a-a824-11e9-a2a3-2a2ae2dbcce4', 'a5fb0b8c-8a2e-11e9-bc42-526af7764f64', 2)
,('671946ae-a829-11e9-a2a3-2a2ae2dbcce4','39faec9a-a824-11e9-a2a3-2a2ae2dbcce4', 'a5fb179e-8a2e-11e9-bc42-526af7764f64', 3)
,('671948b6-a829-11e9-a2a3-2a2ae2dbcce4','39faec9a-a824-11e9-a2a3-2a2ae2dbcce4', 'a5fb26da-8a2e-11e9-bc42-526af7764f64', 4)
,('671949ec-a829-11e9-a2a3-2a2ae2dbcce4','39faec9a-a824-11e9-a2a3-2a2ae2dbcce4', 'a5fad400-8a2e-11e9-bc42-526af7764f64', 5)
,('67194b18-a829-11e9-a2a3-2a2ae2dbcce4','39faec9a-a824-11e9-a2a3-2a2ae2dbcce4', 'a5fb0ee8-8a2e-11e9-bc42-526af7764f64', 6)
,('67194c3a-a829-11e9-a2a3-2a2ae2dbcce4','39faede4-a824-11e9-a2a3-2a2ae2dbcce4', 'a5fb0a60-8a2e-11e9-bc42-526af7764f64', 1)
,('67194d66-a829-11e9-a2a3-2a2ae2dbcce4','39faede4-a824-11e9-a2a3-2a2ae2dbcce4', 'a5fb0b8c-8a2e-11e9-bc42-526af7764f64', 2)
,('671950e0-a829-11e9-a2a3-2a2ae2dbcce4','39faede4-a824-11e9-a2a3-2a2ae2dbcce4', 'a5fb1b36-8a2e-11e9-bc42-526af7764f64', 3)
,('6719522a-a829-11e9-a2a3-2a2ae2dbcce4','39faede4-a824-11e9-a2a3-2a2ae2dbcce4', 'a5fae332-8a2e-11e9-bc42-526af7764f64', 4)
,('67195374-a829-11e9-a2a3-2a2ae2dbcce4','39faede4-a824-11e9-a2a3-2a2ae2dbcce4', 'a5fb1028-8a2e-11e9-bc42-526af7764f64', 5)
,('671954a0-a829-11e9-a2a3-2a2ae2dbcce4','39faede4-a824-11e9-a2a3-2a2ae2dbcce4', 'a5faea3a-8a2e-11e9-bc42-526af7764f64', 6)
,('671955c2-a829-11e9-a2a3-2a2ae2dbcce4','39faede4-a824-11e9-a2a3-2a2ae2dbcce4', 'a5fb1a14-8a2e-11e9-bc42-526af7764f64', 7)
,('671956ee-a829-11e9-a2a3-2a2ae2dbcce4','39faede4-a824-11e9-a2a3-2a2ae2dbcce4', 'a5fad400-8a2e-11e9-bc42-526af7764f64', 8)
,('67195810-a829-11e9-a2a3-2a2ae2dbcce4','39faede4-a824-11e9-a2a3-2a2ae2dbcce4', 'a5fb0b8c-8a2e-11e9-bc42-526af7764f64', 9)
,('67195b58-a829-11e9-a2a3-2a2ae2dbcce4','39faef10-a824-11e9-a2a3-2a2ae2dbcce4', 'a5fb0a60-8a2e-11e9-bc42-526af7764f64', 1)
,('67195ca2-a829-11e9-a2a3-2a2ae2dbcce4','39faef10-a824-11e9-a2a3-2a2ae2dbcce4', 'a5fb0b8c-8a2e-11e9-bc42-526af7764f64', 2)
,('67195dce-a829-11e9-a2a3-2a2ae2dbcce4','39faef10-a824-11e9-a2a3-2a2ae2dbcce4', 'a5fb1b36-8a2e-11e9-bc42-526af7764f64', 3)
,('67195f04-a829-11e9-a2a3-2a2ae2dbcce4','39faef10-a824-11e9-a2a3-2a2ae2dbcce4', 'a5fae332-8a2e-11e9-bc42-526af7764f64', 4)
,('67196224-a829-11e9-a2a3-2a2ae2dbcce4','39faef10-a824-11e9-a2a3-2a2ae2dbcce4', 'a5fb1028-8a2e-11e9-bc42-526af7764f64', 5)
,('67196378-a829-11e9-a2a3-2a2ae2dbcce4','39faef10-a824-11e9-a2a3-2a2ae2dbcce4', 'a5fb0920-8a2e-11e9-bc42-526af7764f64', 6)
,('671964a4-a829-11e9-a2a3-2a2ae2dbcce4','39faef10-a824-11e9-a2a3-2a2ae2dbcce4', 'a5fafca0-8a2e-11e9-bc42-526af7764f64', 7)
,('671965d0-a829-11e9-a2a3-2a2ae2dbcce4','39faef10-a824-11e9-a2a3-2a2ae2dbcce4', 'a5fae918-8a2e-11e9-bc42-526af7764f64', 8)
,('671966fc-a829-11e9-a2a3-2a2ae2dbcce4','39faef10-a824-11e9-a2a3-2a2ae2dbcce4', 'a5fad400-8a2e-11e9-bc42-526af7764f64', 9)
,('67196a44-a829-11e9-a2a3-2a2ae2dbcce4','39faef10-a824-11e9-a2a3-2a2ae2dbcce4', 'a5fb0b8c-8a2e-11e9-bc42-526af7764f64', 10)
,('67196ba2-a829-11e9-a2a3-2a2ae2dbcce4','39faf0c8-a824-11e9-a2a3-2a2ae2dbcce4', 'a5fb0b8c-8a2e-11e9-bc42-526af7764f64', 1)
,('67196cd8-a829-11e9-a2a3-2a2ae2dbcce4','39faf0c8-a824-11e9-a2a3-2a2ae2dbcce4', 'a5faf03e-8a2e-11e9-bc42-526af7764f64', 2)
,('67196e7c-a829-11e9-a2a3-2a2ae2dbcce4','39faf0c8-a824-11e9-a2a3-2a2ae2dbcce4', 'a5faf282-8a2e-11e9-bc42-526af7764f64', 3)
,('67196fd0-a829-11e9-a2a3-2a2ae2dbcce4','39faf208-a824-11e9-a2a3-2a2ae2dbcce4', 'a5fb0a60-8a2e-11e9-bc42-526af7764f64', 1)
,('671972c8-a829-11e9-a2a3-2a2ae2dbcce4','39faf208-a824-11e9-a2a3-2a2ae2dbcce4', 'a5fb0b8c-8a2e-11e9-bc42-526af7764f64', 2)
,('6719741c-a829-11e9-a2a3-2a2ae2dbcce4','39faf208-a824-11e9-a2a3-2a2ae2dbcce4', 'a5fb1b36-8a2e-11e9-bc42-526af7764f64', 3)
,('67197548-a829-11e9-a2a3-2a2ae2dbcce4','39faf208-a824-11e9-a2a3-2a2ae2dbcce4', 'a5fad400-8a2e-11e9-bc42-526af7764f64', 4)
,('67197674-a829-11e9-a2a3-2a2ae2dbcce4','39faf208-a824-11e9-a2a3-2a2ae2dbcce4', 'a5fb0ee8-8a2e-11e9-bc42-526af7764f64', 5)
,('671977a0-a829-11e9-a2a3-2a2ae2dbcce4','39faf334-a824-11e9-a2a3-2a2ae2dbcce4', 'a5fb0a60-8a2e-11e9-bc42-526af7764f64', 1)
,('67197a7a-a829-11e9-a2a3-2a2ae2dbcce4','39faf334-a824-11e9-a2a3-2a2ae2dbcce4', 'a5fb0b8c-8a2e-11e9-bc42-526af7764f64', 2)
,('67197bce-a829-11e9-a2a3-2a2ae2dbcce4','39faf334-a824-11e9-a2a3-2a2ae2dbcce4', 'a5fb1c4e-8a2e-11e9-bc42-526af7764f64', 3)
,('67197cfa-a829-11e9-a2a3-2a2ae2dbcce4','39faf334-a824-11e9-a2a3-2a2ae2dbcce4', 'a5fb0920-8a2e-11e9-bc42-526af7764f64', 4)
,('67197e26-a829-11e9-a2a3-2a2ae2dbcce4','39faf334-a824-11e9-a2a3-2a2ae2dbcce4', 'a5fafca0-8a2e-11e9-bc42-526af7764f64', 5)
,('67197f52-a829-11e9-a2a3-2a2ae2dbcce4','39faf334-a824-11e9-a2a3-2a2ae2dbcce4', 'a5fad400-8a2e-11e9-bc42-526af7764f64', 6)
,('671981b4-a829-11e9-a2a3-2a2ae2dbcce4','39faf334-a824-11e9-a2a3-2a2ae2dbcce4', 'a5fb0b8c-8a2e-11e9-bc42-526af7764f64', 7)
,('671982ea-a829-11e9-a2a3-2a2ae2dbcce4','39faf460-a824-11e9-a2a3-2a2ae2dbcce4', 'a5fb0038-8a2e-11e9-bc42-526af7764f64', 1)
,('67198416-a829-11e9-a2a3-2a2ae2dbcce4','39faf460-a824-11e9-a2a3-2a2ae2dbcce4', 'a5fb1e4c-8a2e-11e9-bc42-526af7764f64', 2)
,('67198542-a829-11e9-a2a3-2a2ae2dbcce4','39faf73a-a824-11e9-a2a3-2a2ae2dbcce4', 'a5fb0a60-8a2e-11e9-bc42-526af7764f64', 1)
,('6719884e-a829-11e9-a2a3-2a2ae2dbcce4','39faf73a-a824-11e9-a2a3-2a2ae2dbcce4', 'a5fb0b8c-8a2e-11e9-bc42-526af7764f64', 2)
,('67198984-a829-11e9-a2a3-2a2ae2dbcce4','39faf73a-a824-11e9-a2a3-2a2ae2dbcce4', 'a5fb1b36-8a2e-11e9-bc42-526af7764f64', 3)
,('67198ab0-a829-11e9-a2a3-2a2ae2dbcce4','39faf73a-a824-11e9-a2a3-2a2ae2dbcce4', 'a5faf606-8a2e-11e9-bc42-526af7764f64', 4)
,('67198bdc-a829-11e9-a2a3-2a2ae2dbcce4','39faf73a-a824-11e9-a2a3-2a2ae2dbcce4', 'a5fb26da-8a2e-11e9-bc42-526af7764f64', 5)
,('67198d08-a829-11e9-a2a3-2a2ae2dbcce4','39faf73a-a824-11e9-a2a3-2a2ae2dbcce4', 'a5fad400-8a2e-11e9-bc42-526af7764f64', 6)
,('67198f06-a829-11e9-a2a3-2a2ae2dbcce4','39faf73a-a824-11e9-a2a3-2a2ae2dbcce4', 'a5fb0ee8-8a2e-11e9-bc42-526af7764f64', 7)
,('67199046-a829-11e9-a2a3-2a2ae2dbcce4','39faf924-a824-11e9-a2a3-2a2ae2dbcce4', 'a5fb0a60-8a2e-11e9-bc42-526af7764f64', 1)
,('67199168-a829-11e9-a2a3-2a2ae2dbcce4','39faf924-a824-11e9-a2a3-2a2ae2dbcce4', 'a5fb0b8c-8a2e-11e9-bc42-526af7764f64', 2)
,('6719929e-a829-11e9-a2a3-2a2ae2dbcce4','39faf924-a824-11e9-a2a3-2a2ae2dbcce4', 'a5fae7f6-8a2e-11e9-bc42-526af7764f64', 3)
,('6719947e-a829-11e9-a2a3-2a2ae2dbcce4','39faf924-a824-11e9-a2a3-2a2ae2dbcce4', 'a5fad400-8a2e-11e9-bc42-526af7764f64', 4)
,('67199640-a829-11e9-a2a3-2a2ae2dbcce4','39faf924-a824-11e9-a2a3-2a2ae2dbcce4', 'a5fb0ee8-8a2e-11e9-bc42-526af7764f64', 5)
,('6719978a-a829-11e9-a2a3-2a2ae2dbcce4','39fafa64-a824-11e9-a2a3-2a2ae2dbcce4', 'a5fb0a60-8a2e-11e9-bc42-526af7764f64', 1)
,('671998b6-a829-11e9-a2a3-2a2ae2dbcce4','39fafa64-a824-11e9-a2a3-2a2ae2dbcce4', 'a5fb0b8c-8a2e-11e9-bc42-526af7764f64', 2)
,('67199aa0-a829-11e9-a2a3-2a2ae2dbcce4','39fafa64-a824-11e9-a2a3-2a2ae2dbcce4', 'a5faea3a-8a2e-11e9-bc42-526af7764f64', 3)
,('67199be0-a829-11e9-a2a3-2a2ae2dbcce4','39fafa64-a824-11e9-a2a3-2a2ae2dbcce4', 'a5fada86-8a2e-11e9-bc42-526af7764f64', 4)
,('67199d16-a829-11e9-a2a3-2a2ae2dbcce4','39fafa64-a824-11e9-a2a3-2a2ae2dbcce4', 'a5fad400-8a2e-11e9-bc42-526af7764f64', 5)
,('67199e42-a829-11e9-a2a3-2a2ae2dbcce4','39fafa64-a824-11e9-a2a3-2a2ae2dbcce4', 'a5fb0ee8-8a2e-11e9-bc42-526af7764f64', 6)
,('67199f6e-a829-11e9-a2a3-2a2ae2dbcce4','39fafb90-a824-11e9-a2a3-2a2ae2dbcce4', 'a5fb0a60-8a2e-11e9-bc42-526af7764f64', 1)
,('6719a16c-a829-11e9-a2a3-2a2ae2dbcce4','39fafb90-a824-11e9-a2a3-2a2ae2dbcce4', 'a5fb0b8c-8a2e-11e9-bc42-526af7764f64', 2)
,('6719a9b4-a829-11e9-a2a3-2a2ae2dbcce4','39fafb90-a824-11e9-a2a3-2a2ae2dbcce4', 'a5fae7f6-8a2e-11e9-bc42-526af7764f64', 3)
,('6719ab30-a829-11e9-a2a3-2a2ae2dbcce4','39fafb90-a824-11e9-a2a3-2a2ae2dbcce4', 'a5fae918-8a2e-11e9-bc42-526af7764f64', 4)
,('6719ac66-a829-11e9-a2a3-2a2ae2dbcce4','39fafb90-a824-11e9-a2a3-2a2ae2dbcce4', 'a5fad400-8a2e-11e9-bc42-526af7764f64', 5)
,('6719ad92-a829-11e9-a2a3-2a2ae2dbcce4','39fafb90-a824-11e9-a2a3-2a2ae2dbcce4', 'a5fb0ee8-8a2e-11e9-bc42-526af7764f64', 6)
,('6719afb8-a829-11e9-a2a3-2a2ae2dbcce4','39fafcbc-a824-11e9-a2a3-2a2ae2dbcce4', 'a5fb0a60-8a2e-11e9-bc42-526af7764f64', 1)
,('6719b0ee-a829-11e9-a2a3-2a2ae2dbcce4','39fafcbc-a824-11e9-a2a3-2a2ae2dbcce4', 'a5fb0b8c-8a2e-11e9-bc42-526af7764f64', 2)
,('6719b210-a829-11e9-a2a3-2a2ae2dbcce4','39fafcbc-a824-11e9-a2a3-2a2ae2dbcce4', 'a5fb26da-8a2e-11e9-bc42-526af7764f64', 3)
,('6719b332-a829-11e9-a2a3-2a2ae2dbcce4','39fafcbc-a824-11e9-a2a3-2a2ae2dbcce4', 'a5fb1fb4-8a2e-11e9-bc42-526af7764f64', 4)
,('6719b45e-a829-11e9-a2a3-2a2ae2dbcce4','39fafcbc-a824-11e9-a2a3-2a2ae2dbcce4', 'a5fad400-8a2e-11e9-bc42-526af7764f64', 5)
,('6719b738-a829-11e9-a2a3-2a2ae2dbcce4','39fafcbc-a824-11e9-a2a3-2a2ae2dbcce4', 'a5fb0ee8-8a2e-11e9-bc42-526af7764f64', 6)
,('6719b878-a829-11e9-a2a3-2a2ae2dbcce4','39fb000e-a824-11e9-a2a3-2a2ae2dbcce4', 'a5fb0a60-8a2e-11e9-bc42-526af7764f64', 1)
,('6719b99a-a829-11e9-a2a3-2a2ae2dbcce4','39fb000e-a824-11e9-a2a3-2a2ae2dbcce4', 'a5fb0b8c-8a2e-11e9-bc42-526af7764f64', 2)
,('6719baf8-a829-11e9-a2a3-2a2ae2dbcce4','39fb000e-a824-11e9-a2a3-2a2ae2dbcce4', 'a5fb1280-8a2e-11e9-bc42-526af7764f64', 3)
,('6719bdaa-a829-11e9-a2a3-2a2ae2dbcce4','39fb000e-a824-11e9-a2a3-2a2ae2dbcce4', 'a5fb0920-8a2e-11e9-bc42-526af7764f64', 4)
,('6719c098-a829-11e9-a2a3-2a2ae2dbcce4','39fb000e-a824-11e9-a2a3-2a2ae2dbcce4', 'a5fafca0-8a2e-11e9-bc42-526af7764f64', 5)
,('6719c1e2-a829-11e9-a2a3-2a2ae2dbcce4','39fb000e-a824-11e9-a2a3-2a2ae2dbcce4', 'a5fad400-8a2e-11e9-bc42-526af7764f64', 6)
,('6719c318-a829-11e9-a2a3-2a2ae2dbcce4','39fb000e-a824-11e9-a2a3-2a2ae2dbcce4', 'a5fb0ee8-8a2e-11e9-bc42-526af7764f64', 7)
,('6719c444-a829-11e9-a2a3-2a2ae2dbcce4','39fb0158-a824-11e9-a2a3-2a2ae2dbcce4', 'a5fb0a60-8a2e-11e9-bc42-526af7764f64', 1)
,('6719c570-a829-11e9-a2a3-2a2ae2dbcce4','39fb0158-a824-11e9-a2a3-2a2ae2dbcce4', 'a5fb0b8c-8a2e-11e9-bc42-526af7764f64', 2)
,('6719c82c-a829-11e9-a2a3-2a2ae2dbcce4','39fb0158-a824-11e9-a2a3-2a2ae2dbcce4', 'a5fb1b36-8a2e-11e9-bc42-526af7764f64', 3)
,('6719cbd8-a829-11e9-a2a3-2a2ae2dbcce4','39fb0158-a824-11e9-a2a3-2a2ae2dbcce4', 'a5fae47c-8a2e-11e9-bc42-526af7764f64', 4)
,('6719cd36-a829-11e9-a2a3-2a2ae2dbcce4','39fb0158-a824-11e9-a2a3-2a2ae2dbcce4', 'a5fad400-8a2e-11e9-bc42-526af7764f64', 5)
,('6719ce62-a829-11e9-a2a3-2a2ae2dbcce4','39fb0158-a824-11e9-a2a3-2a2ae2dbcce4', 'a5fb0ee8-8a2e-11e9-bc42-526af7764f64', 6)
,('6719cf8e-a829-11e9-a2a3-2a2ae2dbcce4','39fb0284-a824-11e9-a2a3-2a2ae2dbcce4', 'a5fb0a60-8a2e-11e9-bc42-526af7764f64', 1)
,('6719d268-a829-11e9-a2a3-2a2ae2dbcce4','39fb0284-a824-11e9-a2a3-2a2ae2dbcce4', 'a5fb0b8c-8a2e-11e9-bc42-526af7764f64', 2)
,('6719d3b2-a829-11e9-a2a3-2a2ae2dbcce4','39fb0284-a824-11e9-a2a3-2a2ae2dbcce4', 'a5fb1a14-8a2e-11e9-bc42-526af7764f64', 3)
,('6719d4de-a829-11e9-a2a3-2a2ae2dbcce4','39fb0284-a824-11e9-a2a3-2a2ae2dbcce4', 'a5faea3a-8a2e-11e9-bc42-526af7764f64', 4)
,('6719d600-a829-11e9-a2a3-2a2ae2dbcce4','39fb0284-a824-11e9-a2a3-2a2ae2dbcce4', 'a5fb26da-8a2e-11e9-bc42-526af7764f64', 5)
,('6719d722-a829-11e9-a2a3-2a2ae2dbcce4','39fb0284-a824-11e9-a2a3-2a2ae2dbcce4', 'a5fb115e-8a2e-11e9-bc42-526af7764f64', 6)
,('6719da06-a829-11e9-a2a3-2a2ae2dbcce4','39fb0284-a824-11e9-a2a3-2a2ae2dbcce4', 'a5fad400-8a2e-11e9-bc42-526af7764f64', 7)
,('6719db5a-a829-11e9-a2a3-2a2ae2dbcce4','39fb0284-a824-11e9-a2a3-2a2ae2dbcce4', 'a5fb0ee8-8a2e-11e9-bc42-526af7764f64', 8);